n1,n2,n3,o,x,y,z,v11,v22,v33,v12,v13,v23
-2,-2,-5,1,-176.868,-176.868,-199.7845,-1.10850010536836,-1.10346050448636,-1.62982698479042,0.0230493221077819,0.00949958865088268,0.00840265565111994
-2,-2,-5,2,-203.6807414234,-241.560289558309,-179.80605,-1.04762369895358,-1.0436205964879,-1.74147945528549,-0.00540295816981892,0.00357213064227638,-0.0132433572118331
-2,-2,-5,3,-222.620515490854,-195.807774067454,-169.816825,-0.997948194374844,-1.00046251585091,-1.75881866183811,0.0183008531264455,-0.00946247000929173,0.0105557695241719
-2,-2,-5,4,-157.928225932546,-222.620515490854,-189.795275,-1.0994714296852,-1.062869626285,-1.62923693037104,0.0117928328194186,0.00874848927718617,-0.00261610719663039
-1,-2,-5,1,-88.434,-176.868,-199.7845,-1.14143666366916,-1.0492510141271,-1.13970638842629,0.0397007220114885,0.00450488319700696,0.0204533127027103
-1,-2,-5,2,-115.2467414234,-241.560289558309,-179.80605,-1.08410343921266,-0.998691499238306,-1.37279182324233,-0.0226480686611347,0.0173980097502174,-0.0288740839003679
-1,-2,-5,3,-134.186515490855,-195.807774067454,-169.816825,-1.02316403443872,-0.967170317640748,-1.50336456783652,0.0406225734089367,0.00202078430124326,0.00991074294704661
-1,-2,-5,4,-69.4942259325456,-222.620515490854,-189.795275,-1.14766282466314,-1.01437108947416,-1.18455422246603,0.0159198545811402,0.00610503043387176,-0.00800920280169901
0,-2,-5,1,-2.30633139257924e-14,-176.868,-199.7845,-1.16447264651546,-1.01669342250262,-0.834196584864485,0.00466154365944776,-0.0056466926590635,0.0244233900601675
0,-2,-5,2,-26.8127414234,-241.560289558309,-179.80605,-1.1224272786775,-0.951679296940254,-0.953340230982024,0.000249071787962688,-0.00506654473233517,-0.0545338951606926
0,-2,-5,3,-45.7525154908545,-195.807774067454,-169.816825,-1.07179426801306,-0.910698522596424,-1.04277947115312,0.0373706487174134,-0.0143621282842862,0.00682032675056833
0,-2,-5,4,18.9397740674544,-222.620515490854,-189.795275,-1.16182316619305,-1.0013674160911,-1.0401519005082,0.0188361027167636,0.00286356385751431,-0.00944183658724767
1,-2,-5,1,88.434,-176.868,-199.7845,-1.14159033168058,-1.0503738781447,-1.15717968033742,-0.0323256598442032,-0.00514650434660525,0.00884670525318272
1,-2,-5,2,61.6212585766,-241.560289558309,-179.80605,-1.10417633704311,-0.965500321006869,-1.07716748642237,0.033281331662144,-0.0359179008734674,-0.0506055545055171
1,-2,-5,3,42.6814845091455,-195.807774067454,-169.816825,-1.07229856042793,-0.906445180643625,-1.02545078898293,0.0119103231323008,-0.0375430424637981,0.00541059488069836
1,-2,-5,4,107.373774067454,-222.620515490854,-189.795275,-1.1192414563372,-1.04060315374341,-1.40539128243994,0.0163729690674604,0.00456127042266184,-0.00626172184307853
2,-2,-5,1,176.868,-176.868,-199.7845,-1.10846232111167,-1.10449409561569,-1.63601290186646,-0.0194125395921474,0.00492109972634316,0.00111064009548562
2,-2,-5,2,150.0552585766,-241.560289558309,-179.80605,-1.05802932148554,-1.02263183915464,-1.56991499370775,0.0272744694757027,-0.0250386332215236,-0.0243508834334773
2,-2,-5,3,131.115484509146,-195.807774067454,-169.816825,-1.02401127870602,-0.961386525047384,-1.47610125308965,0.000453875963415043,-0.0324549330646677,0.00655678570854099
2,-2,-5,4,195.807774067454,-222.620515490854,-189.795275,-1.08382306798954,-1.07972347947455,-1.75977929043053,0.0121499243991048,0.0086192917868071,-0.00228204538364355
-2,-1,-5,1,-176.868,-88.434,-199.7845,-1.05068434024412,-1.13655837276358,-1.17466901837232,0.0345855650390543,0.016710221242145,0.0257495076349393
-2,-1,-5,2,-203.6807414234,-153.126289558309,-179.80605,-1.03337302649281,-1.05562241983227,-1.6209978888201,0.0185276704072554,0.0157168441067166,0.000879635599892159
-2,-1,-5,3,-222.620515490854,-107.373774067454,-169.816825,-0.951901261546005,-1.03949334556255,-1.38912102980596,0.0124062289330838,-0.00627705871912638,0.040608002058421
-2,-1,-5,4,-157.928225932546,-134.186515490855,-189.795275,-1.0529800376697,-1.07404802295956,-1.32498974370993,0.0606666747681091,0.0313242417208307,0.024078037707113
-1,-1,-5,1,-88.434,-88.434,-199.7845,-1.01790854346261,-1.01443443119615,-0.302771825564412,0.0606048967937702,0.00543712388961856,0.0545021288143012
-1,-1,-5,2,-115.2467414234,-153.126289558309,-179.80605,-1.04651314781436,-0.996265891133454,-1.16373857630583,0.0572842149501355,0.0243777076620453,0.0159894416465695
-1,-1,-5,3,-134.186515490855,-107.373774067454,-169.816825,-0.930584423182028,-0.95658335532335,-0.961496606258383,0.0906786341541529,0.0287826874994205,0.0629322501561524
-1,-1,-5,4,-69.4942259325455,-134.186515490855,-189.795275,-1.05689371186625,-0.980301475989233,-0.656321915217422,0.0672665818214951,0.0202736098017633,0.0222121804355205
0,-1,-5,1,-1.76482931740026e-14,-88.434,-199.7845,-1.00195101092334,-0.937858934918493,0.300045524775753,-0.000568333852757385,-0.00618346885731598,0.0392462616774746
0,-1,-5,2,-26.8127414234,-153.126289558309,-179.80605,-1.06396862208607,-0.936496935258128,-0.6535440479526,0.0228387526211724,-0.00734793638308133,0.020471353904527
0,-1,-5,3,-45.7525154908545,-107.373774067454,-169.816825,-0.899272030608069,-0.816868714061786,-0.0948585704800679,0.0641392978305748,-0.00445139352817779,0.063165110092267
0,-1,-5,4,18.9397740674544,-134.186515490855,-189.795275,-1.06247348266361,-0.952110005057141,-0.432194113818643,-0.0027511116035726,0.00166155447782351,0.006577245573383
1,-1,-5,1,88.434,-88.434,-199.7845,-1.01915314262864,-1.01841902678419,-0.321829263846398,-0.0590375524890565,0.00557394329436271,-0.00864375530143089
1,-1,-5,2,61.6212585766,-153.126289558309,-179.80605,-1.05644315069642,-0.956357334218051,-0.8369744313236,-0.0383429562265566,-0.0325590119389282,-0.000280041148612022
1,-1,-5,3,42.6814845091455,-107.373774067454,-169.816825,-0.896817035680509,-0.81408760587957,-0.039744136105925,-0.0400905755797987,-0.0602962874786478,0.0319456845758897
1,-1,-5,4,107.373774067454,-134.186515490855,-189.795275,-1.05890739698922,-1.03084433395136,-0.993489540566822,-0.0471282061269575,0.00254966214103665,-0.00602721957546636
2,-1,-5,1,176.868,-88.434,-199.7845,-1.05131619120813,-1.13876858486209,-1.18029132012049,-0.0337235013278694,0.0156540688333315,-0.00692316349983224
2,-1,-5,2,150.0552585766,-153.126289558309,-179.80605,-1.03708825825964,-1.03124901637222,-1.42993386147088,-0.0391323847156892,-0.0156101567865658,-0.0110946973759147
2,-1,-5,3,131.115484509146,-107.373774067454,-169.816825,-0.925919989997347,-0.957051538380734,-0.886687995637224,-0.0669254294247714,-0.0567159567080408,0.0177180515894047
2,-1,-5,4,195.807774067454,-134.186515490855,-189.795275,-1.05681069060453,-1.10469704026007,-1.50946008106421,-0.00687760775503316,0.0194510576723924,0.00884432527256226
-2,0,-5,1,-176.868,-1.22332724222127e-14,-199.7845,-1.01631229068961,-1.16252758289459,-0.883381339413344,-0.00181998334678824,0.011212918237702,0.0445256722874588
-2,0,-5,2,-203.6807414234,-64.692289558309,-179.80605,-0.975316683797208,-1.10319837243072,-1.17612074491402,0.0176384914232507,0.0251298081809821,0.0110513024162163
-2,0,-5,3,-222.620515490854,-18.9397740674545,-169.816825,-0.908986276138685,-1.08395709840852,-1.00367266119912,0.00813645302962035,-0.0129647406224484,0.0225621191802284
-2,0,-5,4,-157.928225932546,-45.7525154908545,-189.795275,-0.973145378307,-1.09841561593475,-0.75498787777072,0.038270505462859,0.0650599669217025,0.0478627939724583
-1,0,-5,1,-88.434,-1.22332724222127e-14,-199.7845,-0.937157974500369,-1.00243417439738,0.274221248328996,-0.000235986301742572,0.011013039062281,0.078629931323342
-1,0,-5,2,-115.2467414234,-64.692289558309,-179.80605,-0.910839000475127,-0.970251115382262,-0.373152615960784,0.0627960205259675,0.0421748714964771,0.0510895449899236
-1,0,-5,3,-134.186515490855,-18.9397740674545,-169.816825,-0.840009568132602,-0.956209516186808,-0.362568997970454,0.0336510084727223,0.0666701805494628,0.0744891995591664
-1,0,-5,4,-69.4942259325455,-45.7525154908545,-189.795275,-0.892191210679635,-0.925159095351454,0.430676056816635,0.0433723832072325,0.0637311767550429,0.05333960541067
0,0,-5,1,-1.22332724222127e-14,-1.22332724222127e-14,-199.7845,-0.890639144206459,-0.895245804353491,1.16927328558509,-0.00387299501965171,0.00967761104804356,0.0207762843049482
0,0,-5,2,-26.8127414234,-64.692289558309,-179.80605,-0.851380683368262,-0.829574108761427,0.648751088526356,0.0168702444873686,0.00291928353032267,0.0384796757208873
0,0,-5,3,-45.7525154908545,-18.9397740674545,-169.816825,-0.708727106325802,-0.717569764881251,1.11013502060684,0.0238233060151929,0.0366802699652392,0.0536054092121086
0,0,-5,4,18.9397740674545,-45.7525154908545,-189.795275,-0.880801067672683,-0.866232619865505,0.890077491449697,-0.00601568360475905,0.00622712525506799,-0.0241351134245271
1,0,-5,1,88.434,-1.22332724222127e-14,-199.7845,-0.935494106355189,-0.99804562832829,0.303714197004471,-0.00103172936279321,0.0178259546662133,-0.0365373704348392
1,0,-5,2,61.6212585766,-64.692289558309,-179.80605,-0.872894792562185,-0.882043838257738,0.311205307355228,-0.0601284538717191,-0.0311384876859032,-0.0335333160159097
1,0,-5,3,42.6814845091455,-18.9397740674545,-169.816825,-0.680015605035321,-0.712954136031917,1.29851239402569,-0.0160862692443484,-0.0972070323243441,-0.0621715324297458
1,0,-5,4,107.373774067454,-45.7525154908545,-189.795275,-0.950753244028394,-1.01037553275303,-0.167744717247784,-0.0347959596888796,-0.00766440712762411,-0.0447410452494931
2,0,-5,1,176.868,-1.22332724222127e-14,-199.7845,-1.01599556429228,-1.15934803754864,-0.87538227522258,-0.000971976074153209,0.012219655840362,-0.00594718990947892
2,0,-5,2,150.0552585766,-64.692289558309,-179.80605,-0.952037349492287,-1.05151843622428,-0.82870361167896,-0.0524143958643084,-0.0121852978454173,-0.0320074966899005
2,0,-5,3,131.115484509146,-18.9397740674545,-169.816825,-0.815358811428348,-0.948116750475136,-0.205373884201708,-0.0188394829768395,-0.102140706164514,-0.0401615987713638
2,0,-5,4,195.807774067454,-45.7525154908545,-189.795275,-1.00978382309889,-1.14710063124229,-1.05426282999809,-0.00685571248004801,0.0233407233238511,-0.000293462033318516
-2,1,-5,1,-176.868,88.434,-199.7845,-1.05240924242848,-1.13951117544508,-1.18203549384906,-0.0351529327553439,-0.00132347384789919,0.034227886451149
-2,1,-5,2,-203.6807414234,23.741710441691,-179.80605,-0.953071560408968,-1.12126759239172,-1.01827534977654,-0.00958186493547683,0.0177745020188895,-7.70007402344173e-05
-2,1,-5,3,-222.620515490854,69.4942259325455,-169.816825,-0.92515453369731,-1.06547373662679,-1.15364928133663,0.0114099924762341,-0.0197169524346847,-0.0215023182015035
-2,1,-5,4,-157.928225932546,42.6814845091455,-189.795275,-0.97009000359496,-1.10074502858299,-0.716447363765292,-0.0297552691704487,0.059661757626165,0.024864494636641
-1,1,-5,1,-88.434,88.434,-199.7845,-1.01779628893198,-1.02380923702805,-0.329231300472885,-0.0584633532129726,0.00657183851346979,0.0385144290576817
-1,1,-5,2,-115.2467414234,23.741710441691,-179.80605,-0.86125218092295,-0.964060395167791,-0.0734187906636714,-0.0278585669394865,0.0503973101435177,0.0256064655745129
-1,1,-5,3,-134.186515490855,69.4942259325455,-169.816825,-0.87676888431432,-0.960003475584043,-0.586963468515682,-0.0562811295104435,0.0514484322586498,0.00437951515657571
-1,1,-5,4,-69.4942259325455,42.6814845091455,-189.795275,-0.885941171204749,-0.923455982955628,0.51858227615383,-0.0314209886481749,0.076071513553387,0.028348288813192
0,1,-5,1,-6.81825167042287e-15,88.434,-199.7845,-0.996561811091925,-0.945411521855836,0.295394795423435,-0.00203899641031892,0.0143894283997375,-0.00461545924510111
0,1,-5,2,-26.8127414234,23.741710441691,-179.80605,-0.773289778000014,-0.772491829782699,1.26752672489339,-0.0168963104906057,0.0246897116204151,-0.0473767243441794
0,1,-5,3,-45.7525154908545,69.4942259325455,-169.816825,-0.779066189167777,-0.752642128866477,0.634487410156675,-0.0320669313772813,0.0391726592228268,-0.0340703886925634
0,1,-5,4,18.9397740674545,42.6814845091455,-189.795275,-0.872533964940817,-0.856228392153838,0.97685692203576,0.0138125325234996,0.0280846639655788,-0.0423525479682833
1,1,-5,1,88.434,88.434,-199.7845,-1.0146461227243,-1.01420933616908,-0.292131843905089,0.0559167006626855,0.00970698010730641,-0.0243518860086002
1,1,-5,2,61.6212585766,23.741710441691,-179.80605,-0.804462401385836,-0.829859332220333,0.84694826787283,0.00917386850200386,-0.0164085463285242,-0.117720599671087
1,1,-5,3,42.6814845091455,69.4942259325455,-169.816825,-0.75566172053728,-0.734594229976086,0.73918603030369,0.0589671494389273,-0.0712272974824169,-0.104733906640194
1,1,-5,4,107.373774067454,42.6814845091455,-189.795275,-0.94518018362992,-1.00002111687533,-0.129593291678409,0.0425991489571151,0.000265608665876859,-0.0594910562570341
2,1,-5,1,176.868,88.434,-199.7845,-1.05123173981656,-1.13397405700184,-1.1692166692733,0.0323674355242564,0.00119832626550869,0.00378619908569357
2,1,-5,2,150.0552585766,23.741710441691,-179.80605,-0.919144982957341,-1.05103022101749,-0.59396775076698,0.014276152633512,-0.0165347445700881,-0.0569179808018749
2,1,-5,3,131.115484509146,69.4942259325455,-169.816825,-0.85354835252997,-0.938011657246346,-0.494787677871338,0.0810665923770998,-0.0858143235659807,-0.0712752938425558
2,1,-5,4,195.807774067454,42.6814845091455,-189.795275,-1.00613067129032,-1.14458110028644,-1.03662794498253,0.014183760942797,0.0163324949264734,-0.0177175870196917
-2,2,-5,1,-176.868,176.868,-199.7845,-1.10938427720538,-1.1040677956833,-1.63521508501329,-0.0175348456886662,-0.00092076315157329,0.0137366939929171
-2,2,-5,2,-203.6807414234,112.175710441691,-179.80605,-0.996892817057434,-1.08036786745157,-1.37971552881446,-0.0231642408578825,0.00278807025263859,-0.0157489548613996
-2,2,-5,3,-222.620515490854,157.928225932546,-169.816825,-0.979962143220944,-1.01439087454452,-1.61900939678559,0.0183479191039214,-0.0184646936079733,-0.0247401249108599
-2,2,-5,4,-157.928225932546,131.115484509146,-189.795275,-1.04971764089112,-1.0754930535847,-1.27974806212734,-0.0432372581113557,0.0187936074704078,-0.00701043979806289
-1,2,-5,1,-88.434,176.868,-199.7845,-1.14146099073728,-1.0516590288226,-1.1563540695066,-0.027033650295739,0.00218730470228248,0.00805861547362249
-1,2,-5,2,-115.2467414234,112.175710441691,-179.80605,-0.97454594860177,-0.974043361717517,-0.755777196309695,-0.0793964326120117,0.0265149512098949,-0.0364575211062181
-1,2,-5,3,-134.186515490854,157.928225932546,-169.816825,-0.990239062612522,-0.964396637960718,-1.30238496791008,-0.042737123642833,0.00586333452457065,-0.0278445232477468
-1,2,-5,4,-69.4942259325455,131.115484509146,-189.795275,-1.05206619199391,-0.975764616468601,-0.575528552746342,-0.0432808872724855,0.0232572264880856,-0.0177272447751939
0,2,-5,1,-1.40323091863302e-15,176.868,-199.7845,-1.16216383703054,-1.01963228472922,-0.834261944332451,0.00548815194528431,4.31567100624796e-05,-0.00385626796677559
0,2,-5,2,-26.8127414234,112.175710441691,-179.80605,-0.954680000160493,-0.849681895895651,0.0490841838025444,-0.0269279484596498,0.00991405083112066,-0.10907818497299
0,2,-5,3,-45.7525154908545,157.928225932546,-169.816825,-1.00469343209301,-0.868461511884854,-0.702560498504023,-0.0150554886427814,-0.00891613719571333,-0.0541640856400426
0,2,-5,4,18.9397740674545,131.115484509146,-189.795275,-1.05450448998481,-0.940977467982144,-0.331488333534279,0.0302002817611525,0.0137839926582046,-0.0347419090809129
1,2,-5,1,88.434,176.868,-199.7845,-1.13894189956385,-1.05039902150361,-1.13785054050171,0.0346242646281033,-0.00524087979815875,-0.00265739574827923
1,2,-5,2,61.6212585766,112.175710441691,-179.80605,-0.957500377274681,-0.884794981152064,-0.174379689120005,0.067540773428668,-0.0287639076161276,-0.114206785339208
1,2,-5,3,42.6814845091455,157.928225932546,-169.816825,-0.999173498191862,-0.858157376802376,-0.668916889497676,0.071644172674465,-0.0459935425328832,-0.0599389566367329
1,2,-5,4,107.373774067454,131.115484509146,-189.795275,-1.05028789347928,-1.01982858539613,-0.931307418077847,0.0712516153797313,0.00426436408249401,-0.0315895875772025
2,2,-5,1,176.868,176.868,-199.7845,-1.1083170440498,-1.10297622039852,-1.62792059579469,0.0195745308685793,-0.00389347397222571,0.00720650053575548
2,2,-5,2,150.0552585766,112.175710441691,-179.80605,-0.985871580147745,-1.03039682096636,-1.08223899991028,0.0614271400832173,-0.0237201945294093,-0.0488785311382354
2,2,-5,3,131.115484509146,157.928225932546,-169.816825,-0.981224923629396,-0.949779135429885,-1.26087008973497,0.0871234611051829,-0.047497508015586,-0.0386302233056562
2,2,-5,4,195.807774067454,131.115484509146,-189.795275,-1.05144917242782,-1.10186071575937,-1.47825425898026,0.0249158239637369,0.00710680709175177,-0.0173203524920776
-2,-2,-4,1,-176.868,-176.868,-159.8276,-0.941059504231704,-0.935793857492026,-1.61945878058825,0.0367443739669887,0.0326208844754207,0.0354074642301376
-2,-2,-4,2,-203.6807414234,-241.560289558309,-139.84915,-0.808755867940845,-0.805310252812674,-1.73698731884231,-0.0085008525052668,0.0139192255182888,-0.0250179736300649
-2,-2,-4,3,-222.620515490854,-195.807774067454,-129.859925,-0.726817189882265,-0.729248508125841,-1.75632396029069,0.0299085122634924,-0.0117550724235142,0.0218501197418527
-2,-2,-4,4,-157.928225932546,-222.620515490854,-149.838375,-0.902348992685533,-0.850683375619762,-1.6194753109043,0.0252961443545968,0.0356474595704949,-0.00534889401029284
-1,-2,-4,1,-88.434,-176.868,-159.8276,-0.97618674816352,-0.857636816440796,-1.08815958017765,0.063994518044085,0.0473003780906408,0.0657802117618236
-1,-2,-4,2,-115.2467414234,-241.560289558309,-139.84915,-0.851520502836661,-0.737442234971637,-1.33673518875075,-0.0366529193353624,0.0555941955498709,-0.0565674663639155
-1,-2,-4,3,-134.186515490855,-195.807774067454,-129.859925,-0.752799340950557,-0.67719669080807,-1.47543513463732,0.0716038258126688,0.0238485901351821,0.019710374957432
-1,-2,-4,4,-69.4942259325456,-222.620515490854,-149.838375,-0.961019272903415,-0.782541326004151,-1.14327294105196,0.0318658262688279,0.0351276156252143,-0.0162301859170119
0,-2,-4,1,-2.06166594413499e-14,-176.868,-159.8276,-1.00213854568521,-0.810219852017059,-0.755574810045848,0.0105176398209149,-0.00665685647990659,0.0841269022349426
0,-2,-4,2,-26.8127414234,-241.560289558309,-139.84915,-0.901005781875715,-0.670504218474092,-0.875879670829187,0.00373990555510724,0.00318946492757237,-0.103821330832381
0,-2,-4,3,-45.7525154908545,-195.807774067454,-129.859925,-0.816074133126933,-0.593288489588925,-0.968374234052266,0.0661670325823124,-0.00359804396874447,0.019101424198441
0,-2,-4,4,18.9397740674544,-222.620515490854,-149.838375,-0.976314309464321,-0.766911037592632,-0.986190285203136,0.0380780259812146,-0.0031370477802347,-0.0185417615418591
1,-2,-4,1,88.434,-176.868,-159.8276,-0.974668270281595,-0.858265627953086,-1.11259857746782,-0.0475057751103901,-0.0496681586492962,0.0527450597168234
1,-2,-4,2,61.6212585766,-241.560289558309,-139.84915,-0.875723349750396,-0.690697046749211,-1.00907928611922,0.0601353892550287,-0.0795626320068066,-0.0923658589354304
1,-2,-4,3,42.6814845091455,-195.807774067454,-129.859925,-0.819706160911332,-0.586444634759916,-0.953377263526042,0.0166912413857858,-0.0607174398005586,0.019710828024091
1,-2,-4,4,107.373774067454,-222.620515490854,-149.838375,-0.920503145205939,-0.821450123607151,-1.3776554090145,0.0344275700094115,-0.0222116356582696,-0.0100222899158081
2,-2,-4,1,176.868,-176.868,-159.8276,-0.939969111716713,-0.936675284382229,-1.62618777128068,-0.0278455518581095,-0.0191135754090137,0.0278267061202979
2,-2,-4,2,150.0552585766,-241.560289558309,-139.84915,-0.8187737991534,-0.774400695527985,-1.55092901021734,0.0461124176700596,-0.0580080041669577,-0.0415654628383551
2,-2,-4,3,131.115484509146,-195.807774067454,-129.859925,-0.758082237526728,-0.667681229901625,-1.452195381132,-0.00431844951410149,-0.0604782415680796,0.0195804142122799
2,-2,-4,4,195.807774067454,-222.620515490854,-149.838375,-0.881520301443941,-0.876511228122942,-1.75579564748196,0.0269387259813942,0.00370688496715976,-0.00240775458642856
-2,-1,-4,1,-176.868,-88.434,-159.8276,-0.858295082843405,-0.969915859352357,-1.13316182323111,0.0528711803915293,0.0520728953525407,0.0704970654766673
-2,-1,-4,2,-203.6807414234,-153.126289558309,-139.84915,-0.787763104489194,-0.814711207937242,-1.6044804034678,0.0325969275720704,0.0283690500662669,0.0203381147695794
-2,-1,-4,3,-222.620515490854,-107.373774067454,-129.859925,-0.656844038928761,-0.775288756070944,-1.35242718437822,0.0208130454907337,-0.0127063633608195,0.0817886803366518
-2,-1,-4,4,-157.928225932546,-134.186515490855,-149.838375,-0.82653970176218,-0.851651503061921,-1.28306658662032,0.109019196334016,0.0766520934438609,0.0657672021385566
-1,-1,-4,1,-88.434,-88.434,-159.8276,-0.778928033298712,-0.771041808392227,-0.107344596317503,0.0962304804619773,0.0726653399432234,0.136955076655103
-1,-1,-4,2,-115.2467414234,-153.126289558309,-139.84915,-0.786330086621378,-0.717859064724278,-1.08423384098473,0.105112248612808,0.0710553249296888,0.0481110608049738
-1,-1,-4,3,-134.186515490855,-107.373774067454,-129.859925,-0.586488977018974,-0.623165760354289,-0.84217740114975,0.171003992319713,0.0763667889434065,0.109708945707313
-1,-1,-4,4,-69.4942259325455,-134.186515490855,-149.838375,-0.802740835818251,-0.694518989764764,-0.507294404756935,0.124332329772594,0.072334501760115,0.0730309999720336
0,-1,-4,1,-1.520163868956e-14,-88.434,-159.8276,-0.735472599931016,-0.632026930484069,0.65628167697062,-0.00387779766768429,-0.00614119208827976,0.155300122578403
0,-1,-4,2,-26.8127414234,-153.126289558309,-139.84915,-0.793956811119778,-0.61994273151456,-0.493535872430245,0.0415428888516537,0.00918988961211174,0.075408551123914
0,-1,-4,3,-45.7525154908545,-107.373774067454,-129.859925,-0.485570283886661,-0.356321775852564,0.25977922848016,0.126960036042329,0.0236205443719687,0.127706877048176
0,-1,-4,4,18.9397740674545,-134.186515490855,-149.838375,-0.804764721782341,-0.646850428604702,-0.237527691905348,-0.000396170472256098,-0.00139565871697115,0.0659447506450365
1,-1,-4,1,88.434,-88.434,-159.8276,-0.778897483815315,-0.769361268315534,-0.12628497374863,-0.100461748369498,-0.0551810248966098,0.0629563695309197
1,-1,-4,2,61.6212585766,-153.126289558309,-139.84915,-0.789834820894649,-0.650425189116359,-0.722380434417151,-0.0753755839560239,-0.070535026915499,0.0436249569689912
1,-1,-4,3,42.6814845091455,-107.373774067454,-129.859925,-0.490349068217531,-0.34825997145901,0.318680059660101,-0.0885957240530428,-0.105980587514574,0.0966258294543767
1,-1,-4,4,107.373774067454,-134.186515490855,-149.838375,-0.822186320725811,-0.782229935974538,-0.899824627429467,-0.0774659258315382,-0.0359217591295354,0.039657975835654
2,-1,-4,1,176.868,-88.434,-159.8276,-0.858312050475097,-0.96893164555592,-1.13351341984327,-0.0539791437600362,-0.0131767307276412,0.0343076044934202
2,-1,-4,2,150.0552585766,-153.126289558309,-139.84915,-0.783933321930619,-0.773239796067726,-1.39516561501603,-0.0743370458983993,-0.0483028750615128,0.013164968781718
2,-1,-4,3,131.115484509146,-107.373774067454,-129.859925,-0.585787905624059,-0.62492308004035,-0.756525050459973,-0.134674788313022,-0.11476816329092,0.0651146947693696
2,-1,-4,4,195.807774067454,-134.186515490855,-149.838375,-0.843092187145209,-0.902882364631444,-1.48465595260673,-0.00614151605325042,0.0130953994092323,0.0470432208137887
-2,0,-4,1,-176.868,-9.78661793777017e-15,-159.8276,-0.810899571605509,-0.99937224582196,-0.818112533239615,-0.00754148286021353,0.0558041701345571,0.0560244774180833
-2,0,-4,2,-203.6807414234,-64.692289558309,-139.84915,-0.701856910092666,-0.871446726251752,-1.12015469148094,0.032241997328051,0.0436828690375544,0.0321280478662976
-2,0,-4,3,-222.620515490854,-18.9397740674545,-129.859925,-0.597058701539642,-0.835737172528114,-0.924512382242018,0.0152564708857002,-0.0229255254078089,0.0394782882968774
-2,0,-4,4,-157.928225932546,-45.7525154908545,-149.838375,-0.700489651886361,-0.871372809785093,-0.640256545932173,0.0741889914645224,0.154165237250536,0.0867353875857223
-1,0,-4,1,-88.434,-9.78661793777017e-15,-159.8276,-0.640499111582801,-0.734226952918655,0.591577959419703,-0.0135709827001776,0.101318279838103,0.102432561140094
-1,0,-4,2,-115.2467414234,-64.692289558309,-139.84915,-0.543732955033618,-0.625425093244478,-0.116781228061186,0.125161769131631,0.116280880462511,0.0960985759641519
-1,0,-4,3,-134.186515490855,-18.9397740674545,-129.859925,-0.424779316585354,-0.593634322302771,-0.112688587646432,0.0675786196721525,0.157796388560513,0.109525051190203
-1,0,-4,4,-69.4942259325455,-45.7525154908545,-149.838375,-0.500475366929131,-0.553800731491556,0.900699816454092,0.0864423495762005,0.186207196893703,0.109094621654274
0,0,-4,1,-9.78661793777017e-15,-9.78661793777017e-15,-159.8276,-0.530098947277307,-0.537639743929943,1.87928275222582,-0.0168736242657101,0.00674940689827328,-0.00160544096816419
0,0,-4,2,-26.8127414234,-64.692289558309,-139.84915,-0.381834597610695,-0.349135966820104,1.29158669565177,0.0327571190931448,0.0355650531707873,0.114338038925691
0,0,-4,3,-45.7525154908545,-18.9397740674545,-129.859925,-0.0790999505646336,-0.0877132820173142,2.07058920269924,0.0518128816962902,0.11185613102054,0.0841896875766938
0,0,-4,4,18.9397740674545,-45.7525154908545,-149.838375,-0.462818101001707,-0.435998546654701,1.59854332853782,-0.0107011218440371,-0.0111216454379032,-0.0150716192146858
1,0,-4,1,88.434,-9.78661793777017e-15,-159.8276,-0.633918377653805,-0.716086245624071,0.695621078060438,-0.00296020647595628,-0.047072593278051,-0.0608971018866525
1,0,-4,2,61.6212585766,-64.692289558309,-139.84915,-0.440107809694191,-0.4535082871011,0.805426759639303,-0.135488882968707,-0.0878650976104931,-0.00501853479261766
1,0,-4,3,42.6814845091455,-18.9397740674545,-129.859925,-0.0100091732181263,-0.0787682516338825,2.45082863651232,-0.0478768303742619,-0.2252703670441,-0.130907562682777
1,0,-4,4,107.373774067454,-45.7525154908545,-149.838375,-0.636532075725465,-0.709953739862272,0.127174111020472,-0.0614865313952781,-0.083323580702776,-0.0319801585834004
2,0,-4,1,176.868,-9.78661793777017e-15,-159.8276,-0.809730054157876,-0.988085239621817,-0.79478313619556,-0.000957755797544276,-0.020941132555694,-0.00020649273447695
2,0,-4,2,150.0552585766,-64.692289558309,-139.84915,-0.643583359065965,-0.777014918426208,-0.703326821526494,-0.105078457959585,-0.0575190344335402,-0.0119816490974509
2,0,-4,3,131.115484509146,-18.9397740674545,-129.859925,-0.380012914997659,-0.5774691289275,0.109111873276921,-0.0410364448391826,-0.224185197951392,-0.0389944437071823
2,0,-4,4,195.807774067454,-45.7525154908545,-149.838375,-0.778067285998073,-0.952154143367343,-0.985107941504781,-0.00586499661772335,0.0134010256496633,0.0244151295776324
-2,1,-4,1,-176.868,88.434,-159.8276,-0.862342141977145,-0.971247420635156,-1.13748795210002,-0.0583106498651902,0.0334555870596052,0.00666117154092855
-2,1,-4,2,-203.6807414234,23.741710441691,-139.84915,-0.668950005648503,-0.897626587505896,-0.947948133383404,-0.016172192680012,0.0362894334763761,-0.0148604898597152
-2,1,-4,3,-222.620515490854,69.4942259325455,-129.859925,-0.619196721484092,-0.810411593423825,-1.08967245900932,0.0218306927867284,-0.0287673017496099,-0.0537530930844694
-2,1,-4,4,-157.928225932546,42.6814845091455,-149.838375,-0.698162445579647,-0.879244826507342,-0.590073350638003,-0.0449416120138049,0.151628817631342,-0.00315472117833467
-1,1,-4,1,-88.434,88.434,-159.8276,-0.773629759312853,-0.788243454319959,-0.145613356263719,-0.106495109781107,0.0715662285564835,-0.0240523967266799
-1,1,-4,2,-115.2467414234,23.741710441691,-139.84915,-0.446564445769017,-0.607642488607904,0.253191348828669,-0.0473461486351881,0.13494898397636,0.00763038669121645
-1,1,-4,3,-134.186515490855,69.4942259325455,-129.859925,-0.492789380611472,-0.613890957697703,-0.380079402840082,-0.107905002830008,0.125645779588873,-0.0378665000656518
-1,1,-4,4,-69.4942259325455,42.6814845091455,-149.838375,-0.489263505585734,-0.561675914055374,1.02951684708014,-0.0578022084888435,0.208201914748454,-0.0162912289293628
0,1,-4,1,-4.37159718598032e-15,88.434,-159.8276,-0.714470467344853,-0.660753353781897,0.643795363583565,-0.00838608251316389,0.00791284198376273,-0.119852919499415
0,1,-4,2,-26.8127414234,23.741710441691,-139.84915,-0.210814308801956,-0.214451834907324,2.30865118071611,-0.0305117936119126,0.0621912740495575,-0.145999292474136
0,1,-4,3,-45.7525154908545,69.4942259325455,-129.859925,-0.230292684069516,-0.197233361562719,1.33248054721884,-0.0638467344409913,0.0964600437686847,-0.118008133690579
0,1,-4,4,18.9397740674545,42.6814845091455,-149.838375,-0.44144997152986,-0.425404355420396,1.69807944158204,0.0260478970260779,0.0159364332482475,-0.140422216164258
1,1,-4,1,88.434,88.434,-159.8276,-0.768178741079719,-0.769000416683559,-0.0748827062345819,0.0952365620897123,-0.0538667573619082,-0.105188084035969
1,1,-4,2,61.6212585766,23.741710441691,-139.84915,-0.29860701670549,-0.336741138150939,1.61206665123358,0.0054962212673176,-0.0662329018163206,-0.239322551952324
1,1,-4,3,42.6814845091455,69.4942259325455,-129.859925,-0.177856208906266,-0.151831482584079,1.49421535968393,0.128809782553981,-0.170524900954598,-0.221047816416635
1,1,-4,4,107.373774067454,42.6814845091455,-149.838375,-0.625182265450236,-0.690173185615707,0.160200679124082,0.0836685026956096,-0.0686773976269121,-0.120062598529013
2,1,-4,1,176.868,88.434,-159.8276,-0.860692553769543,-0.960752320800925,-1.11690962760526,0.055236487445361,-0.0273193946460175,-0.0242872054791335
2,1,-4,2,150.0552585766,23.741710441691,-139.84915,-0.588879503239473,-0.773376641370811,-0.432839155230725,0.0205843658480332,-0.0658116842951858,-0.0843669691223403
2,1,-4,3,131.115484509146,69.4942259325455,-129.859925,-0.45028060300501,-0.572268774393348,-0.279254186701176,0.159831270565476,-0.178442190811585,-0.121854147520566
2,1,-4,4,195.807774067454,42.6814845091455,-149.838375,-0.772270155662935,-0.94846167257865,-0.969470103386201,0.0336323865486753,0.00839162923677897,-0.0434766130155988
-2,2,-4,1,-176.868,176.868,-159.8276,-0.942997239762971,-0.935161702244071,-1.62331463694582,-0.0260443699173604,0.0212849975345185,6.27789699764832e-05
-2,2,-4,2,-203.6807414234,112.175710441691,-139.84915,-0.731515846191476,-0.847982759925873,-1.34660598331964,-0.0392107495381476,0.014953556289776,-0.0492982213673699
-2,2,-4,3,-222.620515490854,157.928225932546,-129.859925,-0.699022222880694,-0.746259077336678,-1.60236209877692,0.0322258860359131,-0.0230321835847185,-0.0535362614910537
-2,2,-4,4,-157.928225932546,131.115484509146,-149.838375,-0.826328529130105,-0.858928675263671,-1.23239762644391,-0.0672915079922754,0.0637095047292596,-0.0537083480524315
-1,2,-4,1,-88.434,176.868,-159.8276,-0.974079080225458,-0.862088618804514,-1.10848524497295,-0.0422185976657985,0.0394202965207098,-0.0224366011678729
-1,2,-4,2,-115.2467414234,112.175710441691,-139.84915,-0.658664538058684,-0.658792849965951,-0.612897212930322,-0.141032066484874,0.0781968946846534,-0.11273388454356
-1,2,-4,3,-134.186515490854,157.928225932546,-129.859925,-0.69605723570958,-0.662039614937099,-1.24337352616304,-0.0787998299238531,0.0308765777164408,-0.0691750622650283
-1,2,-4,4,-69.4942259325455,131.115484509146,-149.838375,-0.802054703160442,-0.695275980383969,-0.419881110844422,-0.0726005132155945,0.0671296114723997,-0.0970244263132796
0,2,-4,1,1.04342356580953e-15,176.868,-159.8276,-0.994523575234658,-0.8196380778681,-0.754608311299271,0.0124555581017385,-0.00626172597322729,-0.0511131549961887
0,2,-4,2,-26.8127414234,112.175710441691,-139.84915,-0.589805192702113,-0.432351573516683,0.417578749349855,-0.0449366602587926,0.018252424740474,-0.276016270962032
0,2,-4,3,-45.7525154908545,157.928225932546,-129.859925,-0.691046780607097,-0.498665404825036,-0.542026982196972,-0.0287852345761,-0.00774761174835823,-0.120270622015156
0,2,-4,4,18.9397740674545,131.115484509146,-149.838375,-0.790544574673143,-0.63528590875004,-0.130447304709609,0.0619020966859958,-0.00345824269454757,-0.126021838885119
1,2,-4,1,88.434,176.868,-159.8276,-0.968145812424855,-0.861453257028256,-1.08208240825047,0.0608084505110937,-0.0522403731208928,-0.0367433379470928
1,2,-4,2,61.6212585766,112.175710441691,-139.84915,-0.607138944422669,-0.501123627157105,0.133363269049934,0.132839844651994,-0.0930341328546585,-0.248133231181886
1,2,-4,3,42.6814845091455,157.928225932546,-129.859925,-0.682676866359056,-0.478523657403594,-0.506772181263801,0.141214584607577,-0.090589830196614,-0.116711274951112
1,2,-4,4,107.373774067454,131.115484509146,-149.838375,-0.802766529575653,-0.764317733277808,-0.831835713244449,0.133004310100604,-0.0396188081091815,-0.0895294717101373
2,2,-4,1,176.868,176.868,-159.8276,-0.940761857176222,-0.934371106349317,-1.61356264495521,0.0346788089568037,-0.0280289536252915,-0.00675460124128298
2,2,-4,2,150.0552585766,112.175710441691,-139.84915,-0.70002035389942,-0.764769344139012,-1.00106902702654,0.109089302263265,-0.0638448742309959,-0.0945069906287905
2,2,-4,3,131.115484509146,157.928225932546,-129.859925,-0.680779824771074,-0.636241031653036,-1.2024795216,0.160991994608989,-0.0897425202652373,-0.0714859941316056
2,2,-4,4,195.807774067454,131.115484509146,-149.838375,-0.834270456040309,-0.899404036379219,-1.45164428385553,0.0509371681633045,0.00207750361590345,-0.0542133127825258
-2,-2,-3,1,-176.868,-176.868,-119.8707,-0.633344634339062,-0.627555142174435,-1.60400413889162,0.0616973945714722,0.0528482778993728,0.0502094194354925
-2,-2,-3,2,-203.6807414234,-241.560289558309,-99.89225,-0.460775398364133,-0.459222358388452,-1.73615371825211,-0.0192138434650733,0.0227208024101553,-0.0251895950547089
-2,-2,-3,3,-222.620515490854,-195.807774067454,-89.903025,-0.365482865052197,-0.368029525462414,-1.75857175992525,0.0339620812192414,-0.00435704798163956,0.0289066245224713
-2,-2,-3,4,-157.928225932546,-222.620515490854,-109.881475,-0.584333255816386,-0.507472508927379,-1.60822514828923,0.0340524709936925,0.0472433115778686,-0.00778980962759641
-1,-2,-3,1,-88.434,-176.868,-119.8707,-0.668340778136384,-0.499644014775235,-1.0009209769986,0.114849504970271,0.0911068000098916,0.105740692586749
-1,-2,-3,2,-115.2467414234,-241.560289558309,-99.89225,-0.511674296562346,-0.350687939943827,-1.29527957226225,-0.0700117340626398,0.0879303138705079,-0.0769850046309855
-1,-2,-3,3,-134.186515490855,-195.807774067454,-89.903025,-0.389616487573096,-0.285375615958831,-1.44538025619315,0.111196962206147,0.0414171362241531,0.0235950148399505
-1,-2,-3,4,-69.4942259325456,-222.620515490854,-109.881475,-0.662457422148539,-0.405837738601442,-1.08160539169987,0.0469932411474475,0.0507638405588086,-0.0246255839100844
0,-2,-3,1,-1.81700049569073e-14,-176.868,-119.8707,-0.701291500388603,-0.42398742188072,-0.622952459179159,0.0178323625870369,-0.00486177186616383,0.150107920414952
0,-2,-3,2,-26.8127414234,-241.560289558309,-99.89225,-0.584263298996587,-0.254879452157043,-0.781049186203557,0.00391071147806235,0.00928038191454622,-0.150048418782843
0,-2,-3,3,-45.7525154908545,-195.807774067454,-89.903025,-0.47652158813274,-0.163927084706176,-0.877025889612668,0.103936184532338,0.00535430792190094,0.0246113558429501
0,-2,-3,4,18.9397740674544,-222.620515490854,-109.881475,-0.681845732125983,-0.388112980135376,-0.904184839114095,0.0599074767072058,-0.00997931580253682,-0.0259763162048188
1,-2,-3,1,88.434,-176.868,-119.8707,-0.665479466570239,-0.498770750228253,-1.04109907911204,-0.0899131729637941,-0.0919391088812836,0.0967082435372366
1,-2,-3,2,61.6212585766,-241.560289558309,-99.89225,-0.544887537652948,-0.285122494018582,-0.923805614528944,0.104452456105999,-0.123682771023717,-0.124413594374136
1,-2,-3,3,42.6814845091455,-195.807774067454,-89.903025,-0.483910090681661,-0.153382159524711,-0.865735805111738,0.00657370211663763,-0.0671298325317092,0.0276679724743694
1,-2,-3,4,107.373774067454,-222.620515490854,-109.881475,-0.600480025353851,-0.466315916550184,-1.33811214972191,0.0523281281358574,-0.0448433132334126,-0.0105420575129751
2,-2,-3,1,176.868,-176.868,-119.8707,-0.630978054895543,-0.628136449941325,-1.61257031104329,-0.0529819444708682,-0.0396922586789319,0.0453670503658682
2,-2,-3,2,150.0552585766,-241.560289558309,-99.89225,-0.468909584092925,-0.411000898504671,-1.53101317449365,0.0755564310387017,-0.0836448488512303,-0.0447318751083289
2,-2,-3,3,131.115484509146,-195.807774067454,-89.903025,-0.401258696346053,-0.268692534494837,-1.42755914973309,-0.0310051000590277,-0.0639807551125417,0.02638326872992
2,-2,-3,4,195.807774067454,-222.620515490854,-109.881475,-0.555780649325901,-0.550483688011562,-1.75406715722688,0.0378139035827019,-0.00470459679901049,-0.0010421114230445
-2,-1,-3,1,-176.868,-88.434,-119.8707,-0.49639724653876,-0.659845315200929,-1.06070454549393,0.0940832227764394,0.0836136006408345,0.102816614062183
-2,-1,-3,2,-203.6807414234,-153.126289558309,-99.89225,-0.428514939039782,-0.461495697095597,-1.58694618232113,0.0558412493995945,0.0405060495369271,0.0373808382203639
-2,-1,-3,3,-222.620515490854,-107.373774067454,-89.903025,-0.257709507579372,-0.422337010729435,-1.31541663304163,0.0209776580714976,-0.0111004093166013,0.114658900817346
-2,-1,-3,4,-157.928225932546,-134.186515490855,-109.881475,-0.450414790181649,-0.483616204859364,-1.22469738651844,0.194134247408507,0.112852864783801,0.100335534512637
-1,-1,-3,1,-88.434,-88.434,-119.8707,-0.285591540966654,-0.272185513311143,0.281311455255194,0.193046391056818,0.140361694270317,0.222075774828756
-1,-1,-3,2,-115.2467414234,-153.126289558309,-99.89225,-0.392614744147761,-0.292609259505322,-0.978218691720025,0.199120184414402,0.11595015708825,0.0765132185734576
-1,-1,-3,3,-134.186515490855,-107.373774067454,-89.903025,-0.0803734444375941,-0.138605281048587,-0.696094192532471,0.315237946694341,0.126934334249427,0.144275676294914
-1,-1,-3,4,-69.4942259325455,-134.186515490855,-109.881475,-0.359490402746632,-0.18831263443217,-0.266194455742812,0.24088939333965,0.11692758754429,0.105173166710485
0,-1,-3,1,-1.27549842051175e-14,-88.434,-119.8707,-0.162013274949577,0.0338176796777656,1.37679842352312,-0.00409117450998094,0.00256902579461429,0.340427915463642
0,-1,-3,2,-26.8127414234,-153.126289558309,-99.89225,-0.376947477340645,-0.124274205925006,-0.266744749046344,0.0798223335081931,0.029421206356147,0.142233386495505
0,-1,-3,3,-45.7525154908545,-107.373774067454,-89.903025,0.177818479420669,0.392615535158736,0.786497373558744,0.260623289954169,0.0542464988153016,0.179099140968052
0,-1,-3,4,18.9397740674545,-134.186515490855,-109.881475,-0.348271427547605,-0.0967425505750657,0.0744010477346726,-0.0134268980514178,0.00298504517238821,0.123257223597378
1,-1,-3,1,88.434,-88.434,-119.8707,-0.285520188718525,-0.255492086988959,0.225198888780688,-0.207391479907072,-0.11001556292789,0.145997770023849
1,-1,-3,2,61.6212585766,-153.126289558309,-99.89225,-0.379707556789527,-0.170849567471856,-0.573148441621402,-0.156643272676455,-0.103996578155596,0.0948063207925761
1,-1,-3,3,42.6814845091455,-107.373774067454,-89.903025,0.158033868132205,0.420879254051357,0.814598201777101,-0.212056144722997,-0.137275698604866,0.155708893972361
1,-1,-3,4,107.373774067454,-134.186515490855,-109.881475,-0.415247421940541,-0.355416206907571,-0.763956567554442,-0.164360370818822,-0.0704891139554414,0.0857578602570031
2,-1,-3,1,176.868,-88.434,-119.8707,-0.495208030313729,-0.653952381413726,-1.05821615464462,-0.102549317801024,-0.03377767968799,0.0653522890565062
2,-1,-3,2,150.0552585766,-153.126289558309,-99.89225,-0.405844168565841,-0.385571561390082,-1.35520883137851,-0.148246713571474,-0.0725803344496775,0.039340934356515
2,-1,-3,3,131.115484509146,-107.373774067454,-89.903025,-0.0870561859310841,-0.137218576170174,-0.603760507346074,-0.286536194197896,-0.151042767290975,0.107525117292382
2,-1,-3,4,195.807774067454,-134.186515490855,-109.881475,-0.49454081431247,-0.576996356183425,-1.45408587000426,-0.023169995632009,0.00497468330185803,0.0834193290534708
-2,0,-3,1,-176.868,-7.33996345332763e-15,-119.8707,-0.421863972023838,-0.695859290900195,-0.699932027870895,-0.0181572401160826,0.0945523529729478,0.0654565434332793
-2,0,-3,2,-203.6807414234,-64.692289558309,-99.89225,-0.296465557896325,-0.534632997510219,-1.04859990496009,0.0602782458203499,0.0605938074376615,0.0485219317368741
-2,0,-3,3,-222.620515490854,-18.9397740674545,-89.903025,-0.177975149821465,-0.51293775266596,-0.837468409755103,0.0138086243756721,-0.0256388942302178,0.058188670863997
-2,0,-3,4,-157.928225932546,-45.7525154908545,-109.881475,-0.230923106850306,-0.489170185897159,-0.470134283889796,0.137911477185878,0.255885207354957,0.130009865561178
-1,0,-3,1,-88.434,-7.33996345332763e-15,-119.8707,0.0109043192202738,-0.156845279055868,1.25069008871095,-0.0376678529226771,0.199147586250715,0.159727538593119
-1,0,-3,2,-115.2467414234,-64.692289558309,-99.89225,0.0786817933429159,-0.0409887601407619,0.271691865960328,0.272958160821409,0.196671006409653,0.142580735183558
-1,0,-3,3,-134.186515490855,-18.9397740674545,-89.903025,0.220549153739224,-0.046332392858385,0.213117848548353,0.126661483083218,0.273984932502517,0.15695799390885
-1,0,-3,4,-69.4942259325455,-45.7525154908545,-109.881475,0.296059041457163,0.19801060064964,1.78403554327035,0.192565136111169,0.369892178590347,0.186045747411365
0,0,-3,1,-7.33996345332763e-15,-7.33996345332763e-15,-119.8707,0.333736458227453,0.321248955463138,3.5823253397136,-0.0346994381595019,-0.00777087093875601,-0.0221914205328326
0,0,-3,2,-26.8127414234,-64.692289558309,-99.89225,0.51950172167059,0.582127528023915,2.46502697358564,0.0890232998239016,0.0786202748340161,0.25088697693508
0,0,-3,3,-45.7525154908545,-18.9397740674545,-89.903025,1.17186395402993,1.17112264143135,3.85194620905054,0.130419526738267,0.2369794568859,0.166520206595547
0,0,-3,4,18.9397740674545,-45.7525154908545,-109.881475,0.427726602728125,0.49060677670825,3.04206499041726,-0.0323228931806575,-0.0318439605100971,-0.0295046517905721
1,0,-3,1,88.434,-7.33996345332763e-15,-119.8707,0.028950836249908,-0.104941046029599,1.48632396092953,0.00481718713817044,-0.0911557765780043,-0.0957860898917898
1,0,-3,2,61.6212585766,-64.692289558309,-99.89225,0.357183660523572,0.350776305974595,1.64143545738233,-0.316169096499707,-0.148199930419412,0.0286811511157535
1,0,-3,3,42.6814845091455,-18.9397740674545,-89.903025,1.34633801168999,1.20287504848893,4.66521924505405,-0.149169950440787,-0.460379095098913,-0.309807611897491
1,0,-3,4,107.373774067454,-45.7525154908545,-109.881475,-0.0493094849053565,-0.153116068106982,0.629988815867202,-0.142428678178828,-0.178763216986855,-0.0222408361209074
2,0,-3,1,176.868,-7.33996345332763e-15,-119.8707,-0.419062616327879,-0.671821318041334,-0.665495041642899,0.000926121985071906,-0.0488821596949887,0.00858636313999165
2,0,-3,2,150.0552585766,-64.692289558309,-99.89225,-0.159107730062584,-0.350713577873371,-0.531700948124334,-0.208991926395159,-0.0921455805324587,0.00929808155713694
2,0,-3,3,131.115484509146,-18.9397740674545,-89.903025,0.299073784173628,-0.0136645521664558,0.50761499350993,-0.0993573293162253,-0.376477971987248,-0.0173886404450167
2,0,-3,4,195.807774067454,-45.7525154908545,-109.881475,-0.398417782593835,-0.640577539472546,-0.89062866779514,-0.0201961109981106,9.2454762971717e-05,0.0513962892609301
-2,1,-3,1,-176.868,88.434,-119.8707,-0.504799240723817,-0.658258328933893,-1.06053230013341,-0.112061928314321,0.0604811791425368,-0.0191185560143441
-2,1,-3,2,-203.6807414234,23.741710441691,-99.89225,-0.247488055606705,-0.574793545225232,-0.856316407234979,-0.0297241893758451,0.0481621373825547,-0.022199809525423
-2,1,-3,3,-222.620515490854,69.4942259325455,-89.903025,-0.204583981392856,-0.47582881098629,-1.01992405892284,0.0268513610944576,-0.0351583529771631,-0.0788098751701795
-2,1,-3,4,-157.928225932546,42.6814845091455,-109.881475,-0.229297194508967,-0.503738896553069,-0.39861535949375,-0.0962601616383755,0.250675328198773,-0.0362786455093532
-1,1,-3,1,-88.434,88.434,-119.8707,-0.271214604750475,-0.296956578901751,0.205779364119312,-0.222686600842559,0.135033791696499,-0.0928129078860014
-1,1,-3,2,-115.2467414234,23.741710441691,-99.89225,0.29267977504489,0.00323123668881158,0.742461914175848,-0.0896917123842399,0.210207267383622,0.00869025353380316
-1,1,-3,3,-134.186515490855,69.4942259325455,-89.903025,0.0882193281421395,-0.0945805202326337,-0.112552341066304,-0.229601220921235,0.205976779484774,-0.0835493545211867
-1,1,-3,4,-69.4942259325455,42.6814845091455,-109.881475,0.326782190132969,0.168821722241722,1.99506485184695,-0.139792037839009,0.413722524669772,-0.0440738198700665
0,1,-3,1,-1.92494270153778e-15,88.434,-119.8707,-0.106261981164058,-0.0363340650517099,1.37366899520242,-0.011747869000515,-0.0115527511759805,-0.277083945451107
0,1,-3,2,-26.8127414234,23.741710441691,-99.89225,0.988589217951032,0.976058240495033,4.48166044221552,-0.0485006891669082,0.0868562448780722,-0.32498027218001
0,1,-3,3,-45.7525154908545,69.4942259325455,-89.903025,0.779847967815464,0.821263663159824,2.47940378496494,-0.146438147512502,0.158269369863722,-0.234137715031848
0,1,-3,4,18.9397740674545,42.6814845091455,-109.881475,0.489295515006037,0.501896164004615,3.19093163564301,0.0537650832587014,-0.00479988893563406,-0.268389386962378
1,1,-3,1,88.434,88.434,-119.8707,-0.266571635341466,-0.263324286964752,0.332390993881352,0.208734796731137,-0.124180163858351,-0.193234066793017
1,1,-3,2,61.6212585766,23.741710441691,-99.89225,0.706382608185004,0.631300088883654,3.02792620145999,0.014562314264044,-0.0797539596175487,-0.41514578157182
1,1,-3,3,42.6814845091455,69.4942259325455,-89.903025,0.891989862767952,0.95232431797887,2.72169397120804,0.326687230725115,-0.331423974200951,-0.328518020168593
1,1,-3,4,107.373774067454,42.6814845091455,-109.881475,-0.0248931730366329,-0.11393292708259,0.648027726008434,0.177542352804893,-0.146776034153325,-0.178206168029625
2,1,-3,1,176.868,88.434,-119.8707,-0.502635142832773,-0.640273094560451,-1.03445344525828,0.110455154204324,-0.0533073783245459,-0.0442805307925163
2,1,-3,2,150.0552585766,23.741710441691,-99.89225,-0.0624689016868576,-0.341881089405787,-0.216668064871606,0.0421591549777096,-0.102782278344117,-0.0930685635326415
2,1,-3,3,131.115484509146,69.4942259325455,-89.903025,0.1693796238147,-0.0267136981501336,-0.0144477755404997,0.319628375404803,-0.270586532707574,-0.149210611037292
2,1,-3,4,195.807774067454,42.6814845091455,-109.881475,-0.388040530898358,-0.635440317448942,-0.878239135589884,0.0597710316887962,-0.00525574503931832,-0.0648668309768741
-2,2,-3,1,-176.868,176.868,-119.8707,-0.636739618252317,-0.625161542865088,-1.60659276808221,-0.051209669500918,0.0390320107646451,-0.015854572928812
-2,2,-3,2,-203.6807414234,112.175710441691,-99.89225,-0.336172446284552,-0.509334943952549,-1.3075991368354,-0.0724937162614454,0.021001485500002,-0.0633105978144191
-2,2,-3,3,-222.620515490854,157.928225932546,-89.903025,-0.320105131842005,-0.39059088308659,-1.58948634071881,0.0415888185689546,-0.0202439072523882,-0.0742063912304862
-2,2,-3,4,-157.928225932546,131.115484509146,-109.881475,-0.452840302229258,-0.498127836884895,-1.16717911622917,-0.137295266781175,0.0927542177533447,-0.095829889454732
-1,2,-3,1,-88.434,176.868,-119.8707,-0.663724100384646,-0.504866296163477,-1.02972450433011,-0.0845223199023419,0.0709191266448304,-0.0583700222950761
-1,2,-3,2,-115.2467414234,112.175710441691,-99.89225,-0.148405696899037,-0.145450649973471,-0.418859515044936,-0.274672632154086,0.114120002702752,-0.183183707654898
-1,2,-3,3,-134.186515490854,157.928225932546,-89.903025,-0.284999023427417,-0.242066706378653,-1.17775550444186,-0.163612606995507,0.047549572832084,-0.104314124671086
-1,2,-3,4,-69.4942259325455,131.115484509146,-109.881475,-0.363558007570567,-0.19229727051656,-0.164915472624241,-0.158280372670786,0.0863065117067185,-0.175363860605932
0,2,-3,1,3.49007805025207e-15,176.868,-119.8707,-0.687278612578627,-0.440423688116492,-0.617636503993297,0.0259225710467395,-0.0175155719287274,-0.107464795815687
0,2,-3,2,-26.8127414234,112.175710441691,-99.89225,0.0347893810623285,0.301701695223903,0.997202313565232,-0.0874861112505739,-0.00104930521531824,-0.514122930335161
0,2,-3,3,-45.7525154908545,157.928225932546,-89.903025,-0.243173624104429,0.0405167697016519,-0.340449488653895,-0.0792474321538813,-0.0216250198749084,-0.176702687163291
0,2,-3,4,18.9397740674545,131.115484509146,-109.881475,-0.325661694293648,-0.0800159933664916,0.209482445707575,0.128952601438024,-0.0347705018826719,-0.213056529784366
1,2,-3,1,88.434,176.868,-119.8707,-0.653551861946243,-0.507331794061306,-0.988759691475407,0.119161143902018,-0.103581689742583,-0.0712550819146592
1,2,-3,2,61.6212585766,112.175710441691,-99.89225,-0.018461573514241,0.156134017924695,0.602560693639255,0.29456055511083,-0.182661022601874,-0.39846786980021
1,2,-3,3,42.6814845091455,157.928225932546,-89.903025,-0.235458589286224,0.078200584616354,-0.304278738952394,0.268766936474526,-0.130133334350659,-0.146786872124268
1,2,-3,4,107.373774067454,131.115484509146,-109.881475,-0.377711700936801,-0.326758379458128,-0.679179060789979,0.258372116988765,-0.0885457322892418,-0.135622467597504
2,2,-3,1,176.868,176.868,-119.8707,-0.633738102698965,-0.625672126646768,-1.59363983370928,0.0640967760501617,-0.0511740153917067,-0.0195094326508043
2,2,-3,2,150.0552585766,112.175710441691,-99.89225,-0.258650158993386,-0.361525438919644,-0.897125304646296,0.207613397686448,-0.0894611741441534,-0.110543466297797
2,2,-3,3,131.115484509146,157.928225932546,-89.903025,-0.26555652853226,-0.201135418453893,-1.13840246810967,0.284907869725268,-0.110607770496629,-0.0857924663230944
2,2,-3,4,195.807774067454,131.115484509146,-109.881475,-0.478584518860038,-0.573793993811549,-1.41891090263962,0.0881641204669169,-0.00749485190450641,-0.0840031289272869
-2,-2,-2,1,-176.868,-176.868,-79.9138,-0.25083511521795,-0.243641589210269,-1.59286516667607,0.0978949757919581,0.0624747274498551,0.043670364007333
-2,-2,-2,2,-203.6807414234,-241.560289558309,-59.93535,-0.0934271726606551,-0.096259866595961,-1.74224088167243,-0.0392668872281891,0.0264341581314534,-0.00886825216759742
-2,-2,-2,3,-222.620515490854,-195.807774067454,-49.946125,-0.0174194458706854,-0.0196519407051689,-1.76601582108597,0.0246859269069523,0.0142731677237846,0.0263637139266597
-2,-2,-2,4,-157.928225932546,-222.620515490854,-69.924575,-0.221464759737717,-0.112493121172681,-1.6026465966263,0.0315487715467236,0.0335342379106483,-0.00806584758128133
-1,-2,-2,1,-88.434,-176.868,-79.9138,-0.278553245842888,-0.0404944577569535,-0.909802403727021,0.196545712978546,0.126755722032061,0.12762558963411
-1,-2,-2,2,-115.2467414234,-241.560289558309,-59.93535,-0.149730858415313,0.0674844405487215,-1.26721187690004,-0.126978561234121,0.100497880943297,-0.0791920577036812
-1,-2,-2,3,-134.186515490855,-195.807774067454,-49.946125,-0.0351330117707058,0.100891989922453,-1.42649934249595,0.149309524380013,0.0469111823285506,0.0172177956471117
-1,-2,-2,4,-69.4942259325455,-222.620515490854,-69.924575,-0.326677959000114,0.0275562496772245,-1.02075631943599,0.0540477650858169,0.0423191089348446,-0.0298417939377791
0,-2,-2,1,-1.57233504724648e-14,-176.868,-79.9138,-0.324124777953883,0.0707171274767961,-0.481641011340507,0.0211668920319919,0.000579583538443594,0.205395665786333
0,-2,-2,2,-26.8127414234,-241.560289558309,-59.93535,-0.262284642616729,0.187327501709927,-0.707356384234219,-0.00589160027647409,0.010147695067945,-0.174689150782891
0,-2,-2,3,-45.7525154908545,-195.807774067454,-49.946125,-0.152209286549641,0.25485960727059,-0.79599927696161,0.14150776721267,0.00775618392930572,0.0145372748999585
0,-2,-2,4,18.9397740674545,-222.620515490854,-69.924575,-0.355502641486766,0.0416509370994392,-0.822433501341372,0.0768163462497606,-0.0144517595448193,-0.0290992977290874
1,-2,-2,1,88.434,-176.868,-79.9138,-0.273139618637633,-0.0337977964392244,-0.971324071541608,-0.171590235075281,-0.12169431793164,0.12946346323243
1,-2,-2,2,61.6212585766,-241.560289558309,-59.93535,-0.199302633646806,0.145382764706659,-0.854303572904204,0.155008261066269,-0.149328819949051,-0.128550138638254
1,-2,-2,3,42.6814845091455,-195.807774067454,-49.946125,-0.15807763284059,0.268471245052899,-0.789675246095944,-0.0298805480133083,-0.0447750958296436,0.0189193207715601
1,-2,-2,4,107.373774067454,-222.620515490854,-69.924575,-0.235324692481742,-0.0570252661142764,-1.30271031494098,0.06264408655464,-0.0550609268840161,-0.00647960982016493
2,-2,-2,1,176.868,-176.868,-79.9138,-0.246180886220371,-0.243626217973007,-1.60332474676427,-0.099712025744765,-0.050539325149119,0.0448665722734148
2,-2,-2,2,150.0552585766,-241.560289558309,-59.93535,-0.0976767938734831,-0.0245363536364839,-1.51941580222481,0.109943555385221,-0.0881003337438936,-0.0265605011122769
2,-2,-2,3,131.115484509146,-195.807774067454,-49.946125,-0.05097900898088,0.128896623364933,-1.41024052342551,-0.0862224375686029,-0.028498579616173,0.0171004364130209
2,-2,-2,4,195.807774067454,-222.620515490854,-69.924575,-0.185116676596245,-0.180452603219449,-1.75864695376297,0.0392262013791827,-0.0162145707342317,0.00158623760385008
-2,-1,-2,1,-176.868,-88.434,-79.9138,-0.0274213468980216,-0.266780150059083,-0.982324678446373,0.164219706503069,0.0967844087767409,0.107112999672931
-2,-1,-2,2,-203.6807414234,-153.126289558309,-59.93535,-0.0476730570693104,-0.0840922475347652,-1.57634755984472,0.0858700409502205,0.0476727627220124,0.0466401759602957
-2,-1,-2,3,-222.620515490854,-107.373774067454,-49.946125,0.133625449629198,-0.0793029311218746,-1.29193338826852,0.00746102451133132,0.00296889354118764,0.11839190177225
-2,-1,-2,4,-157.928225932546,-134.186515490854,-69.924575,0.00156552316345308,-0.0385214048336306,-1.17389541557226,0.319931428239485,0.122763629378799,0.11436857515123
-1,-1,-2,1,-88.434,-88.434,-79.9138,0.475624997456812,0.492020641986733,0.817517654858708,0.401657987306155,0.18976325175317,0.274764157667813
-1,-1,-2,2,-115.2467414234,-153.126289558309,-59.93535,0.050435907202292,0.195343441174427,-0.886762317093804,0.345248575124076,0.145622626950167,0.0895176766626835
-1,-1,-2,3,-134.186515490854,-107.373774067454,-49.946125,0.490042606813471,0.407542180609342,-0.595659239889584,0.525795092980983,0.168828417684165,0.152222040780326
-1,-1,-2,4,-69.4942259325455,-134.186515490854,-69.924575,0.223972179046756,0.497860780694126,0.00218079337003332,0.451616828834598,0.131786920722711,0.0866688987699571
0,-1,-2,1,-1.03083297206749e-14,-88.434,-79.9138,0.789929506193751,1.17138041484557,2.42653464018489,0.0022505042345727,0.0412624588735795,0.672242953368029
0,-1,-2,2,-26.8127414234,-153.126289558309,-59.93535,0.105629165075482,0.454625798276551,-0.043760935720342,0.140892884435221,0.0523901255621326,0.197141169773077
0,-1,-2,3,-45.7525154908545,-107.373774067454,-49.946125,1.03704508257126,1.37430227211585,1.38549830397686,0.512904362947362,0.0848177362181514,0.157372394614539
0,-1,-2,4,18.9397740674545,-134.186515490854,-69.924575,0.266715827494368,0.651433349115049,0.423280403899648,-0.0609145156553852,0.0223898728755319,0.151788264398654
1,-1,-2,1,88.434,-88.434,-79.9138,0.471103681854568,0.554097043306709,0.639331896127456,-0.448346322041384,-0.1545996341974,0.237743891098536
1,-1,-2,2,61.6212585766,-153.126289558309,-59.93535,0.0989827447909936,0.401659668102904,-0.440762238259674,-0.299388558442696,-0.120507320747086,0.129559532964137
1,-1,-2,3,42.6814845091455,-107.373774067454,-49.946125,0.998788300631325,1.44899344071934,1.31567967803827,-0.477731553613426,-0.11538159448848,0.136222188529413
1,-1,-2,4,107.373774067454,-134.186515490854,-69.924575,0.106933283192881,0.192025669476591,-0.634633728418603,-0.334525212798352,-0.0942063786540674,0.123736259775012
2,-1,-2,1,176.868,-88.434,-79.9138,-0.0220628732326295,-0.253654740514813,-0.981014459054051,-0.191196481015594,-0.0372763533167837,0.0727417583105089
2,-1,-2,2,150.0552585766,-153.126289558309,-59.93535,0.011929167326227,0.0468489591481961,-1.32641466958446,-0.266199202113338,-0.0785888459204378,0.0603555600883273
2,-1,-2,3,131.115484509146,-107.373774067454,-49.946125,0.47846913058035,0.418494979762083,-0.486188261465965,-0.542231741165708,-0.128850031621485,0.115656531822127
2,-1,-2,4,195.807774067454,-134.186515490854,-69.924575,-0.0887978740542742,-0.202458658426109,-1.43167283962537,-0.0647755447310242,-0.00501029611920114,0.106707329526372
-2,0,-2,1,-176.868,-4.89330896888509e-15,-79.9138,0.0836930223667105,-0.312013447978875,-0.564789864168036,-0.0356306854321206,0.112683431955584,0.0660194390921933
-2,0,-2,2,-203.6807414234,-64.6922895583089,-59.93535,0.139918419815359,-0.182098326318441,-0.983240960307553,0.0991210618509083,0.0684030635892953,0.0506411379159209
-2,0,-2,3,-222.620515490854,-18.9397740674545,-49.946125,0.224494862348496,-0.214028446892538,-0.774597109786446,-0.0038989885454065,-0.0151978035655994,0.0699931337411747
-2,0,-2,4,-157.928225932546,-45.7525154908545,-69.924575,0.3638148105544,-0.0210999048512535,-0.307263666677362,0.236882397750206,0.34837798122301,0.17016116650742
-1,0,-2,1,-88.434,-4.89330896888509e-15,-79.9138,1.14999471880154,0.803734947417774,2.18575044687188,-0.0848863219468113,0.302470666486398,0.275535646303751
-1,0,-2,2,-115.2467414234,-64.6922895583089,-59.93535,0.925358335310376,0.756922030926939,0.686235956966614,0.567046707892329,0.283190218164872,0.16637674437194
-1,0,-2,3,-134.186515490854,-18.9397740674545,-49.946125,1.00465864554899,0.58238350838027,0.500993926311214,0.211637884986982,0.387049545889178,0.193783655642157
-1,0,-2,4,-69.4942259325455,-45.7525154908545,-69.924575,1.71233583029506,1.50616937011268,3.07377052148815,0.460688126894772,0.678449798500423,0.279527871226378
0,0,-2,1,-4.89330896888509e-15,-4.89330896888509e-15,-79.9138,2.21259436784678,2.24418497656741,7.15980601699304,-0.0484224527882722,-0.0694783086965273,-0.0126593520207344
0,0,-2,2,-26.8127414234,-64.6922895583089,-59.93535,2.08917003162429,2.19729335276491,4.39559733383319,0.265659588762652,0.152419195680207,0.518037385890374
0,0,-2,3,-45.7525154908545,-18.9397740674545,-49.946125,3.69108230254775,3.77349843843329,6.97500288074289,0.35951321381636,0.529667955644227,0.47805148602875
0,0,-2,4,18.9397740674545,-45.7525154908545,-69.924575,2.18277186433113,2.40203216520439,5.60282579434594,-0.0475308253546444,-0.00955330344686183,-0.0848342348230057
1,0,-2,1,88.434,-4.89330896888509e-15,-79.9138,1.20358744173797,0.941150530503561,2.67795595878237,0.0310973159896339,-0.0652255784511069,-0.124716772980566
1,0,-2,2,61.6212585766,-64.6922895583089,-59.93535,1.62047894119624,1.70421509068784,2.69587926012029,-0.752645889297478,-0.20442093017848,0.118639144007696
1,0,-2,3,42.6814845091455,-18.9397740674545,-49.946125,4.10608298615322,4.0559918105646,8.60728682921469,-0.452349822119874,-0.878713988734079,-0.790226249854076
1,0,-2,4,107.373774067454,-45.7525154908545,-69.924575,0.814952194093807,0.668265046731362,1.25728018745466,-0.331043930897799,-0.291147274829779,0.00532868902414258
2,0,-2,1,176.868,-4.89330896888509e-15,-79.9138,0.087114905976024,-0.273249872805153,-0.530191417271996,0.00324185763420721,-0.0609701773120314,0.0222037029872642
2,0,-2,2,150.0552585766,-64.6922895583089,-59.93535,0.414926796556765,0.147764037283925,-0.363376604449591,-0.379772463486057,-0.090417901189776,0.0301888147545573
2,0,-2,3,131.115484509146,-18.9397740674545,-49.946125,1.09344744494096,0.640840817040789,0.825066734653584,-0.22145818543573,-0.508771920052087,0.039584514010317
2,0,-2,4,195.807774067454,-45.7525154908545,-69.924575,0.0419480939285178,-0.290013978507806,-0.803330017709869,-0.0565005526290323,-0.0113446439462884,0.0757406459183996
-2,1,-2,1,-176.868,88.434,-79.9138,-0.0416169872328245,-0.259815425956115,-0.977002623862354,-0.206846165921179,0.0708362578767348,-0.0385801928416356
-2,1,-2,2,-203.6807414234,23.7417104416911,-59.93535,0.202852693488942,-0.239682185406917,-0.774140081183131,-0.0552724658505809,0.0448735027749761,-0.0151480448208689
-2,1,-2,3,-222.620515490854,69.4942259325455,-49.946125,0.203202508043961,-0.161467816288609,-0.969890735738428,0.0189970873051918,-0.0340952351555036,-0.0814385897659514
-2,1,-2,4,-157.928225932546,42.6814845091455,-69.924575,0.365158478634634,-0.0395869263305058,-0.19923939235956,-0.206161054993719,0.323516304193084,-0.0795672736942766
-1,1,-2,1,-88.434,88.434,-79.9138,0.504057188982123,0.479027690830426,0.645740400218414,-0.460923951597968,0.190954362268395,-0.178059371358858
-1,1,-2,2,-115.2467414234,23.7417104416911,-59.93535,1.36320616254256,0.855077521830106,1.25976322074163,-0.183722047515041,0.215827234357467,0.0445856156873561
-1,1,-2,3,-134.186515490854,69.4942259325455,-49.946125,0.767305750010179,0.516582428127973,0.136183868807996,-0.455501668726716,0.237696244244107,-0.143082456399306
-1,1,-2,4,-69.4942259325455,42.6814845091455,-69.924575,1.77898061527054,1.43589351699622,3.37323049302014,-0.354348031995984,0.757266757471663,-0.0271262889012281
0,1,-2,1,5.21711782904764e-16,88.434,-79.9138,0.926911617973205,1.03619953332746,2.53743181859238,-0.00445934399108423,-0.0816254821262709,-0.551805188191026
0,1,-2,2,-26.8127414234,23.7417104416911,-59.93535,3.78816799582476,3.73242639760486,8.81306506132971,-0.117790563739463,-0.0116307545418969,-0.868615259948008
0,1,-2,3,-45.7525154908545,69.4942259325455,-49.946125,2.50880941657733,2.52540286565878,4.04228195681079,-0.346252050374338,0.11583436184373,-0.524570300647065
0,1,-2,4,18.9397740674545,42.6814845091455,-69.924575,2.3567346771393,2.39673912554092,5.84265697074115,0.145633393960198,-0.109877455591446,-0.525416540949144
1,1,-2,1,88.434,88.434,-79.9138,0.489844973199809,0.516799965228531,0.858161470801294,0.474316501790704,-0.205103524201169,-0.260619330164615
1,1,-2,2,61.6212585766,23.7417104416911,-59.93535,2.58643451015019,2.32042817803565,5.20832974517549,0.0685821075371108,0.0880692575828104,-0.575664125321266
1,1,-2,3,42.6814845091455,69.4942259325455,-49.946125,2.59830776333309,2.87931538125063,4.23780877859455,0.936406042599147,-0.536713391496968,-0.254527924982667
1,1,-2,4,107.373774067454,42.6814845091455,-69.924575,0.88848229592703,0.73277007990317,1.21786925142626,0.388386818159141,-0.215894536937982,-0.189117209654254
2,1,-2,1,176.868,88.434,-79.9138,-0.0376898965167043,-0.23361420728348,-0.949367550118926,0.211987201595691,-0.0706201001648662,-0.0494911262831251
2,1,-2,2,150.0552585766,23.7417104416911,-59.93535,0.568681918962791,0.161197232196842,-0.01677133744524,0.0812039372873516,-0.101530279205603,-0.0656480033931709
2,1,-2,3,131.115484509146,69.4942259325455,-49.946125,0.922308694433237,0.596212804505997,0.22148392961346,0.59409959841907,-0.310366908444176,-0.1323633901936
2,1,-2,4,195.807774067454,42.6814845091455,-69.924575,0.0606830346399485,-0.283051966767543,-0.79150292664872,0.0897854787156021,-0.0215681544713009,-0.0743881141767317
-2,2,-2,1,-176.868,176.868,-79.9138,-0.254533243738922,-0.239809248067862,-1.59450984889013,-0.0989559595343406,0.048286264700869,-0.0317486287078347
-2,2,-2,2,-203.6807414234,112.175710441691,-59.93535,0.095997242721947,-0.151416371119474,-1.27854591767777,-0.125651476946383,0.0169234431693518,-0.0431085191728905
-2,2,-2,3,-222.620515490854,157.928225932546,-49.946125,0.0527741602656098,-0.049539433804679,-1.58787661524689,0.0400119755314848,-0.00684171059510038,-0.0743251507278165
-2,2,-2,4,-157.928225932546,131.115484509146,-69.924575,0.00280161644093997,-0.0632182397371817,-1.11135116921801,-0.270788122295437,0.0875125592523086,-0.117849016899176
-1,2,-2,1,-88.434,176.868,-79.9138,-0.268014695165628,-0.0409942958151641,-0.95243565679868,-0.168434632991389,0.0921329505305766,-0.0909401968478547
-1,2,-2,2,-115.2467414234,112.175710441691,-59.93535,0.498982821292851,0.497317752909826,-0.24265899366321,-0.529395438896128,0.117168070584509,-0.211127907912954
-1,2,-2,3,-134.186515490854,157.928225932546,-49.946125,0.150684256993444,0.191162411810287,-1.13193489676981,-0.304201742254414,0.0491247745147204,-0.117489089748363
-1,2,-2,4,-69.4942259325455,131.115484509146,-69.924575,0.22206921412853,0.492443225747411,0.122734809171115,-0.350535016643494,0.0536102824290259,-0.217151094803373
0,2,-2,1,5.93673253469462e-15,176.868,-79.9138,-0.306226453845094,0.0512048964770684,-0.46963226704566,0.0469848139666765,-0.0304379415370843,-0.163393246922217
0,2,-2,2,-26.8127414234,112.175710441691,-59.93535,0.890525450636786,1.31758357912262,1.68268239319065,-0.219159749238719,-0.0642845475613574,-0.821913124471499
0,2,-2,3,-45.7525154908545,157.928225932546,-49.946125,0.231925172121435,0.633164474269208,-0.173666328873805,-0.191599801779475,-0.0444831524659087,-0.185443511048492
0,2,-2,4,18.9397740674545,131.115484509146,-69.924575,0.292397397535986,0.684781840276566,0.604542821912177,0.255744845050213,-0.0799398205418725,-0.263559349868333
1,2,-2,1,88.434,176.868,-79.9138,-0.257201199988974,-0.0539168653693366,-0.889176147651211,0.217874400426918,-0.152323871054565,-0.0974621531436336
1,2,-2,2,61.6212585766,112.175710441691,-59.93535,0.748805407510245,1.04848422842766,1.11765430331456,0.618647684974345,-0.312260930251996,-0.511700752183715
1,2,-2,3,42.6814845091455,157.928225932546,-49.946125,0.22861912583988,0.69048001365603,-0.131909617691678,0.447978286504885,-0.135589524616382,-0.108360575535944
1,2,-2,4,107.373774067454,131.115484509146,-69.924575,0.164553950234093,0.228805648660178,-0.525202244232427,0.471262993317109,-0.135939294217809,-0.148715907779733
2,2,-2,1,176.868,176.868,-79.9138,-0.25300980021573,-0.242901451526519,-1.57799802918174,0.109410733033876,-0.0671260541962302,-0.0289712433368507
2,2,-2,2,150.0552585766,112.175710441691,-59.93535,0.25823809116644,0.0948512574627952,-0.80968872646162,0.366362831078392,-0.0743988812667618,-0.0721968904114532
2,2,-2,3,131.115484509146,157.928225932546,-49.946125,0.158528994694723,0.247425230625751,-1.09343695254564,0.446035593742649,-0.0857092999111114,-0.0666523410616661
2,2,-2,4,195.807774067454,131.115484509146,-69.924575,-0.0614780086481621,-0.201417273989728,-1.39478625024117,0.134968293995438,-0.0211111821681726,-0.0959962538736454
-2,-2,-1,1,-176.868,-176.868,-39.9569,0.0883446809416032,0.0995378537396441,-1.58775206358182,0.134536711279602,0.0500075053729579,0.00729581314260063
-2,-2,-1,2,-203.6807414234,-241.560289558309,-19.97845,0.156696865392144,0.147870452181397,-1.75025672243759,-0.0630889268499971,0.0187000210530759,0.0220742972975003
-2,-2,-1,3,-222.620515490854,-195.807774067454,-9.989225,0.175300158235719,0.173350906868824,-1.77140407281826,0.00105316345793603,0.0382199358260194,0.0101521164151354
-2,-2,-1,4,-157.928225932546,-222.620515490854,-29.967675,0.0640779962625243,0.198751267573169,-1.6012521164738,0.0111352568688642,-0.0111604614758652,-0.00597261205995259
-1,-2,-1,1,-88.434,-176.868,-39.9569,0.0788900510545829,0.382376451673728,-0.841556122631583,0.28874145161658,0.124291960095815,0.100026435305337
-1,-2,-1,2,-115.2467414234,-241.560289558309,-19.97845,0.0987206397914269,0.358540985665685,-1.25878538031671,-0.188394589169456,0.0684516341315291,-0.0513853389332951
-1,-2,-1,3,-134.186515490855,-195.807774067454,-9.989225,0.163909497699432,0.31922429693448,-1.42169119111118,0.160405575240133,0.0291258708595116,-0.00273079410017861
-1,-2,-1,4,-69.4942259325455,-222.620515490854,-29.967675,-0.0669743182451652,0.364754768095012,-0.977390853803925,0.0420917661902973,0.000138257981352708,-0.0260095169164301
0,-2,-1,1,-1.32766959880222e-14,-176.868,-39.9569,0.0152644092849511,0.516093001870896,-0.384078537966472,0.00807777992856039,0.00673587783196957,0.203299718455056
0,-2,-1,2,-26.8127414234,-241.560289558309,-19.97845,-0.0577749632083641,0.486888138625791,-0.67596643844202,-0.0332252686137747,-0.00509626634541727,-0.141202324925345
0,-2,-1,3,-45.7525154908545,-195.807774067454,-9.989225,0.0270513520664331,0.485320860112035,-0.751876117807983,0.150288952055115,-0.00440239678420127,-0.0135289391743454
0,-2,-1,4,18.9397740674545,-222.620515490854,-29.967675,-0.11131205967186,0.370876407283362,-0.767142884432666,0.0732526702676777,-0.011411538325861,-0.025827811204621
1,-2,-1,1,88.434,-176.868,-39.9569,0.0927834912800449,0.404911561974745,-0.926426200321125,-0.289918944060775,-0.112099046504892,0.12223395592586
1,-2,-1,2,61.6212585766,-241.560289558309,-19.97845,0.0327734220244711,0.435336895546162,-0.827479999127075,0.177493774974647,-0.118942813313531,-0.0757194814410331
1,-2,-1,3,42.6814845091455,-195.807774067454,-9.989225,0.0333507997362236,0.502879690277033,-0.741712578305504,-0.0832112871729635,0.0137526299068275,-0.0194605017684844
1,-2,-1,4,107.373774067454,-222.620515490854,-29.967675,0.0504177675054328,0.268603315613636,-1.28294899074942,0.0527573018525319,-0.0425934404876871,0.0017565404885916
2,-2,-1,1,176.868,-176.868,-39.9569,0.0970234634354791,0.100169096115276,-1.60031446175118,-0.160391739380741,-0.0397358489791136,0.0160145238824602
2,-2,-1,2,150.0552585766,-241.560289558309,-19.97845,0.155999580441702,0.240922600629756,-1.51644104940218,0.1302275518089,-0.0554138322930502,0.0142694527265266
2,-2,-1,3,131.115484509146,-195.807774067454,-9.989225,0.152995418824103,0.359012462783051,-1.39717091742553,-0.152615494782798,0.0454795428142437,-0.0118732009005904
2,-2,-1,4,195.807774067454,-222.620515490854,-29.967675,0.104009853849285,0.107347817221798,-1.76730729079777,0.0254340381445616,-0.0266495268074115,0.00399169265203703
-2,-1,-1,1,-176.868,-88.434,-39.9569,0.413514002385545,0.0991504457057063,-0.915399957363867,0.252404347877547,0.0656321311843685,0.060671901325329
-2,-1,-1,2,-203.6807414234,-153.126289558309,-19.97845,0.211718104348682,0.177735004627299,-1.57420403874105,0.107608577007218,0.0434200558973915,0.0391111893149725
-2,-1,-1,3,-222.620515490854,-107.373774067454,-9.989225,0.349870475503679,0.115066998957248,-1.28178663768621,-0.0221455528381225,0.0331266761349864,0.0697808799377364
-2,-1,-1,4,-157.928225932546,-134.186515490854,-29.967675,0.37716749713067,0.345755340169142,-1.14229057125171,0.44583920591422,0.0797705651979682,0.0805763933529433
-1,-1,-1,1,-88.434,-88.434,-39.9569,1.42662743547955,1.45958656835925,1.35979689396982,0.768188133156626,0.144409334284966,0.169592980613846
-1,-1,-1,2,-115.2467414234,-153.126289558309,-19.97845,0.377081291898949,0.573180383413131,-0.837437456936453,0.491295646529256,0.121618369580999,0.0643539699681867
-1,-1,-1,3,-134.186515490854,-107.373774067454,-9.989225,0.869303737768595,0.794424001083496,-0.550807927546795,0.682892036206701,0.14387536510229,0.113228434850912
-1,-1,-1,4,-69.4942259325455,-134.186515490854,-29.967675,0.782464168953345,1.17963046513034,0.181932911879047,0.720322879206675,0.0707612036158161,-0.0218434013287054
0,-1,-1,1,-7.86167523623239e-15,-88.434,-39.9569,2.16192915134552,2.74682605534464,3.56323529489898,-0.0215338044006954,0.0873220826198335,1.10680816196474
0,-1,-1,2,-26.8127414234,-153.126289558309,-19.97845,0.467134634681795,0.894640044845297,0.107647639016408,0.204171644588331,0.0546248104092257,0.166526487433363
0,-1,-1,3,-45.7525154908545,-107.373774067454,-9.989225,1.76649210492692,2.1505439766525,1.79300818105704,0.801356208682351,0.135192772365669,0.0291822470422987
0,-1,-1,4,18.9397740674545,-134.186515490854,-29.967675,0.881602919136181,1.38988353540948,0.690022202372699,-0.196029639276676,0.0574410174222378,0.0730826469291611
1,-1,-1,1,88.434,-88.434,-39.9569,1.41807934955418,1.58032355590541,0.948872572868644,-0.890310526115069,-0.16968457066166,0.25475733094153
1,-1,-1,2,61.6212585766,-153.126289558309,-19.97845,0.496232191026659,0.865442860890558,-0.376768540074543,-0.478053781934788,-0.0795917973516052,0.115413102597029
1,-1,-1,3,42.6814845091455,-107.373774067454,-9.989225,1.77795475104036,2.35460528237425,1.68425059670391,-0.903500991298804,0.0994887554716483,-0.211401235274885
1,-1,-1,4,107.373774067454,-134.186515490854,-29.967675,0.607494003339668,0.709556111762259,-0.558438653240893,-0.563018841266442,-0.0861535416691684,0.131239922905424
2,-1,-1,1,176.868,-88.434,-39.9569,0.427873297531549,0.113772641621131,-0.923662802213109,-0.311008741307937,-0.00839416433354226,0.0334147062892486
2,-1,-1,2,150.0552585766,-153.126289558309,-19.97845,0.315323785016268,0.365475971676115,-1.31710754337049,-0.386521153206047,-0.0514460811324738,0.0572334535813794
2,-1,-1,3,131.115484509146,-107.373774067454,-9.989225,0.882391833755718,0.810032683449851,-0.420315451171934,-0.787722549077335,-0.00208995393354973,0.0216503254265365
2,-1,-1,4,195.807774067454,-134.186515490854,-29.967675,0.238527227242517,0.0945423769792638,-1.42344907674452,-0.12400519684892,-0.0106869943932318,0.0935906047211204
-2,0,-1,1,-176.868,-2.44665448444254e-15,-39.9569,0.552022085133698,0.0374236443671565,-0.457603556148602,-0.0606051515333554,0.0852712080011101,0.0557005973073439
-2,0,-1,2,-203.6807414234,-64.6922895583089,-19.97845,0.439848883194945,0.0535752963960998,-0.944866237944244,0.123799509290645,0.0590602243315722,0.0302240182913283
-2,0,-1,3,-222.620515490854,-18.9397740674545,-9.989225,0.445241879640861,-0.0558979898690212,-0.751181105518936,-0.0409294079711386,0.0123178773542632,0.0638885571668318
-2,0,-1,4,-157.928225932546,-45.7525154908545,-29.967675,0.889434021948189,0.386224985165555,-0.201306786116566,0.337732781811211,0.345220222643299,0.177127035492075
-1,0,-1,1,-88.434,-2.44665448444254e-15,-39.9569,2.85247742545792,2.11068264699571,3.08272506126545,-0.174277185385299,0.373438641438609,0.484877226494775
-1,0,-1,2,-115.2467414234,-64.6922895583089,-19.97845,1.73744720612274,1.55356651334719,0.900188699543265,0.980636352818211,0.352616049966201,0.159243830658593
-1,0,-1,3,-134.186515490854,-18.9397740674545,-9.989225,1.566189817648,1.04741687020793,0.712015239234351,0.281408337558131,0.314559610163164,0.169496846283681
-1,0,-1,4,-69.4942259325455,-45.7525154908545,-29.967675,3.97544546526661,3.49502872495217,4.48916084712386,1.04089904949884,1.11216337657166,0.311760098288138
0,0,-1,1,-2.44665448444254e-15,-2.44665448444254e-15,-39.9569,7.72067492950224,7.71385139365386,15.3782891680911,-0.248955222078361,-0.400647473941471,0.233459308901607
0,0,-1,2,-26.8127414234,-64.6922895583089,-19.97845,4.63245255824306,4.70767967903565,7.68070344440414,0.607650054765912,0.444284771157184,0.715809430721898
0,0,-1,3,-45.7525154908545,-18.9397740674545,-9.989225,9.18650790585193,10.2400220553382,13.1145880850844,1.31483635347397,1.61374264961798,0.735677411019233
0,0,-1,4,18.9397740674545,-45.7525154908545,-29.967675,5.96615985195885,6.6000991916622,9.86078436242608,0.133680777864769,0.23501057759255,-0.26700903577531
1,0,-1,1,88.434,-2.44665448444254e-15,-39.9569,3.14007536674577,2.49335561770024,3.96466920289742,0.0739349059514621,0.158418979989138,-0.0854605184078221
1,0,-1,2,61.6212585766,-64.6922895583089,-19.97845,3.2876875270087,3.58165073876307,3.11461506532959,-1.67479843976277,-0.430076256647302,0.453817026455441
1,0,-1,3,42.6814845091455,-18.9397740674545,-9.989225,10.4009887685679,9.97150087823818,14.2466237750616,-1.92990821419075,-0.472354410160906,-1.49308829970864
1,0,-1,4,107.373774067454,-45.7525154908545,-29.967675,1.79101165307083,1.60630808251525,1.67503010505756,-0.729470074639444,-0.393505592834681,0.119044952147358
2,0,-1,1,176.868,-2.44665448444254e-15,-39.9569,0.553261582760158,0.0770069527941032,-0.42867976555776,-0.0027470020655956,-0.0285799755017838,0.0330071799935657
2,0,-1,2,150.0552585766,-64.6922895583089,-19.97845,0.877083530104755,0.530649009400763,-0.273545054186616,-0.565636093782827,-0.0503911297521314,0.028354398323585
2,0,-1,3,131.115484509146,-18.9397740674545,-9.989225,1.68030475080195,1.03889712925439,1.00624698068924,-0.443854271758375,-0.236465429694434,0.0707973420199552
2,0,-1,4,195.807774067454,-45.7525154908545,-29.967675,0.393843852763527,-0.026064241512262,-0.755300021681414,-0.112429663805566,-0.0119193317389705,0.0758553299754821
-2,1,-1,1,-176.868,88.434,-39.9569,0.398562744118865,0.107467593338774,-0.916213051549941,-0.335150048287409,0.0510024313383619,-0.0406126797966168
-2,1,-1,2,-203.6807414234,23.7417104416911,-19.97845,0.506555162227271,-0.01681823117077,-0.726996353528814,-0.0893683066276043,0.0194355842910743,0.0122006206402995
-2,1,-1,3,-222.620515490854,69.4942259325455,-9.989225,0.436517964677152,0.00157769294936728,-0.957001921077958,-0.00957353539144352,-0.0191314070770824,-0.0389341460134375
-2,1,-1,4,-157.928225932546,42.6814845091455,-29.967675,0.898038616612195,0.373533234361823,-0.0702338269539992,-0.381631034265477,0.279779268295363,-0.0830535442737854
-1,1,-1,1,-88.434,88.434,-39.9569,1.46013068937279,1.46385431669222,1.03838010816448,-0.931714320137234,0.158443663245606,-0.331610178764069
-1,1,-1,2,-115.2467414234,23.7417104416911,-19.97845,2.46366074378986,1.72022766754372,1.63821832278124,-0.421950086092074,-0.00298456800173825,0.104525435773219
-1,1,-1,3,-134.186515490854,69.4942259325455,-9.989225,1.28690642189373,0.934215852107923,0.238979771413693,-0.741915501502716,0.152809792658801,-0.0975420669387412
-1,1,-1,4,-69.4942259325455,42.6814845091455,-29.967675,3.88093628577028,3.3987406648058,4.59780711783271,-1.00386222922061,1.09823708736102,0.195255701567979
0,1,-1,1,2.96836626734731e-15,88.434,-39.9569,2.4160531768038,2.60218777629873,4.14292114695252,-0.00157960780022537,-0.388290214089884,-1.11238277631068
0,1,-1,2,-26.8127414234,23.7417104416911,-19.97845,11.7151051009572,11.5108614296051,17.1893155613166,-0.484941303890484,-1.23559109032136,-2.76707644481422
0,1,-1,3,-45.7525154908545,69.4942259325455,-9.989225,4.81191899027466,4.62123712500185,5.34937475947008,-1.2640539956929,-0.207049958075562,-1.09009390252963
0,1,-1,4,18.9397740674545,42.6814845091455,-29.967675,5.81407370586624,6.5714512853977,10.4102288977337,0.648662266765006,-0.995837045023236,-1.40892532056444
1,1,-1,1,88.434,88.434,-39.9569,1.38656299474554,1.48834581116887,1.30932835982863,1.00513691557834,-0.292035868584424,-0.218968205620997
1,1,-1,2,61.6212585766,23.7417104416911,-19.97845,5.78884768192468,4.85706827451138,7.82647717362439,0.788283202815303,0.89419392229154,-0.296810190806081
1,1,-1,3,42.6814845091455,69.4942259325455,-9.989225,4.54226451376136,5.45329293092165,5.23237586644362,2.55828021429014,-0.299231723160218,0.345630317554757
1,1,-1,4,107.373774067454,42.6814845091455,-29.967675,2.01682501639165,1.66705894390579,1.57059261429333,0.854089634475397,-0.271163994909533,-0.10662704670444
2,1,-1,1,176.868,88.434,-39.9569,0.407572632839577,0.136629037187572,-0.889727469527341,0.344710128702063,-0.0713056374419238,-0.0344793924633969
2,1,-1,2,150.0552585766,23.7417104416911,-19.97845,1.06033712924612,0.539527713536031,0.125514303274723,0.146225345350007,0.0195825956300706,0.0141629046232625
2,1,-1,3,131.115484509146,69.4942259325455,-9.989225,1.44112515345416,1.00510938718859,0.365239827335612,0.824409719762568,-0.187542487442216,-0.0331212588248111
2,1,-1,4,195.807774067454,42.6814845091455,-29.967675,0.418031772547619,-0.0160621083994948,-0.739868997293944,0.107616405643668,-0.0334373228901512,-0.0565753207769176
-2,2,-1,1,-176.868,176.868,-39.9569,0.0898937452264358,0.1023542035426,-1.59246991491935,-0.165372191406378,0.0419774314142386,-0.0413909493124192
-2,2,-1,2,-203.6807414234,112.175710441691,-19.97845,0.402743042840759,0.0915009237272973,-1.26653492016268,-0.183579031217526,-0.00255496699764053,0.0184084107780731
-2,2,-1,3,-222.620515490854,157.928225932546,-9.989225,0.267104064199603,0.13587401535723,-1.59560792578967,0.0200386151724584,0.0126490800847112,-0.0407895194242676
-2,2,-1,4,-157.928225932546,131.115484509146,-29.967675,0.403614668291963,0.305883206775871,-1.08552354482141,-0.451155757653162,0.023833252530027,-0.0861246432871754
-1,2,-1,1,-88.434,176.868,-39.9569,0.101237495322393,0.401349136594158,-0.907952856625153,-0.290605619673518,0.0839150440584189,-0.105130717606129
-1,2,-1,2,-115.2467414234,112.175710441691,-19.97845,1.10409188997863,1.04034796449598,-0.153020515442109,-0.881310127920782,0.036940490023624,-0.112933216699934
-1,2,-1,3,-134.186515490854,157.928225932546,-9.989225,0.439608532114403,0.459549525692294,-1.12327630887315,-0.447805478064138,0.0254641171268413,-0.084193938254156
-1,2,-1,4,-69.4942259325455,131.115484509146,-29.967675,0.796845876516844,1.19926376104834,0.330244617555373,-0.661714768150051,-0.0527797124951771,-0.11600743182493
0,2,-1,1,8.38338701913716e-15,176.868,-39.9569,0.0238933424125512,0.510420271581459,-0.361991822862478,0.0709992164180583,-0.0418793664272677,-0.191053272135402
0,2,-1,2,-26.8127414234,112.175710441691,-19.97845,1.68379897381561,2.3323061780352,2.18979863419132,-0.438265674032286,-0.0838928082177523,-0.889351175575199
0,2,-1,3,-45.7525154908545,157.928225932546,-9.989225,0.500051426103224,1.01531078871493,-0.119018232547759,-0.313296780657443,-0.0644179857985673,-0.123577337333465
0,2,-1,4,18.9397740674545,131.115484509146,-29.967675,0.866557104914617,1.45372035657259,0.923304407985098,0.437488935091763,-0.141117530405207,-0.20352623577873
1,2,-1,1,88.434,176.868,-39.9569,0.100608671294959,0.364990615388977,-0.819086741822521,0.333373164778737,-0.169133886060037,-0.0960009541608793
1,2,-1,2,61.6212585766,112.175710441691,-19.97845,1.41074247822054,1.95390004300958,1.44202058261873,1.04219826543505,-0.393289787812181,-0.349832141070774
1,2,-1,3,42.6814845091455,157.928225932546,-9.989225,0.494266577267805,1.05265669375317,-0.0397335045145891,0.527195548240685,-0.0742159696507453,0.00897448876364459
1,2,-1,4,107.373774067454,131.115484509146,-29.967675,0.662953332287927,0.737708793787052,-0.420894878519586,0.722290169527485,-0.151908786485071,-0.11486948864002
2,2,-1,1,176.868,176.868,-39.9569,0.0848272570207085,0.0977470768012865,-1.57340825131228,0.159809806895022,-0.0642333950424435,-0.0304099546535123
2,2,-1,2,150.0552585766,112.175710441691,-19.97845,0.670004018380513,0.437882199913275,-0.767684577425028,0.528580615113476,0.0106191255204619,0.0339048259231318
2,2,-1,3,131.115484509146,157.928225932546,-9.989225,0.409064411726972,0.521521560762453,-1.0827311627161,0.554833413769564,0.00336794076294582,0.00230194551476385
2,2,-1,4,195.807774067454,131.115484509146,-29.967675,0.278181719658009,0.0910522346330993,-1.38865501212773,0.171988173514939,-0.0335831093976276,-0.0733027579436234
-2,-2,0,1,-176.868,-176.868,0,0.228581624596118,0.244110833046873,-1.57945727651139,0.143973081929796,0.0123263454498575,-0.0521833551327964
-2,-2,0,2,-203.6807414234,-241.560289558309,19.97845,0.156696865392143,0.147870452181396,-1.75025672243759,-0.0737734560836127,-0.00171739926832161,0.0519928990333624
-2,-2,0,3,-222.620515490854,-195.807774067454,29.967675,0.107347817221792,0.104009853849285,-1.76730729079777,-0.025434038144558,0.0531418819940957,-0.0131234159150836
-2,-2,0,4,-157.928225932546,-222.620515490854,9.989225,0.135874015357227,0.267104064199606,-1.59560792578965,-0.0200386151724523,-0.0702586604186635,-0.00474102895510757
-1,-2,0,1,-88.434,-176.868,0,0.240477512461206,0.554347032417976,-0.809164880746104,0.320405790510749,0.0475227845489133,-0.0126277120994468
-1,-2,0,2,-115.2467414234,-241.560289558309,19.97845,0.0987206397914255,0.358540985665682,-1.25878538031671,-0.20280087082348,-0.0113739794130303,-0.000427193308009651
-1,-2,0,3,-134.186515490855,-195.807774067454,29.967675,0.0945423769792595,0.238527227242519,-1.42344907674452,0.124005196848923,-0.0128750175241576,-0.0318227235694412
-1,-2,0,4,-69.4942259325455,-222.620515490854,9.989225,0.00157769294936693,0.436517964677147,-0.957001921077932,0.00957353539144941,-0.0645353567173274,-0.0165846853402159
0,-2,0,1,-1.08300415035797e-14,-176.868,0,0.155752919416476,0.707216269926667,-0.339241137591724,-0.026764688775706,0.0290852437874589,0.0754046268647007
0,-2,0,2,-26.8127414234,-241.560289558309,19.97845,-0.0577749632083657,0.48688813862579,-0.67596643844202,-0.0655066205988923,-0.0327824108582204,-0.0486750017314488
0,-2,0,3,-45.7525154908545,-195.807774067454,29.967675,-0.0260642415122591,0.393843852763523,-0.755300021681405,0.112429663805569,-0.0265553972607358,-0.0485598439176237
0,-2,0,4,18.9397740674545,-222.620515490854,9.989225,-0.0558979898690183,0.445241879640853,-0.751181105518932,0.0409294079711397,-0.00390955350031,-0.0152292911052026
1,-2,0,1,88.434,-176.868,0,0.259795972114997,0.59932101699883,-0.906969285664769,-0.376312732696554,-0.0322200808967037,0.0427632858255735
1,-2,0,2,61.6212585766,-241.560289558309,19.97845,0.0327734220244721,0.435336895546162,-0.827479999127071,0.144647727695666,-0.0374972437812892,0.016647790570665
1,-2,0,3,42.6814845091455,-195.807774067454,29.967675,-0.0160621083994868,0.418031772547614,-0.739868997293921,-0.107616405643663,0.074515795668237,-0.0544637423840189
1,-2,0,4,107.373774067454,-222.620515490854,9.989225,0.115066998957255,0.349870475503679,-1.28178663768622,0.0221455528381238,-0.00290213081978762,0.0107603210351957
2,-2,0,1,176.868,-176.868,0,0.240390873147328,0.245222153015541,-1.59708382517059,-0.198025523116467,0.00116640964374082,-0.0385375367694049
2,-2,0,2,150.0552585766,-241.560289558309,19.97845,0.155999580441701,0.240922600629757,-1.51644104940219,0.113013227498251,0.00958610046468687,0.0623945465849905
2,-2,0,3,131.115484509146,-195.807774067454,29.967675,0.0910522346331036,0.278181719658006,-1.38865501212772,-0.171988173514933,0.115379593151374,-0.0356815093689606
2,-2,0,4,195.807774067454,-222.620515490854,9.989225,0.17335090686882,0.175300158235725,-1.77140407281827,-0.00105316345793566,-0.0268481273073772,0.00430340682505651
-2,-1,0,1,-176.868,-88.434,0,0.604654077321332,0.279126572603769,-0.872832002941308,0.29565866648501,-0.00775706160459789,-0.042404816055324
-2,-1,0,2,-203.6807414234,-153.126289558309,19.97845,0.211718104348679,0.177735004627299,-1.57420403874105,0.0954710751576762,0.0246334136808138,0.0056369879450922
-2,-1,0,3,-222.620515490854,-107.373774067454,29.967675,0.268603315613635,0.0504177675054299,-1.28294899074941,-0.0527573018525294,0.0601822753867648,-0.011164106975228
-2,-1,0,4,-157.928225932546,-134.186515490854,9.989225,0.459549525692286,0.439608532114404,-1.12327630887314,0.447805478064146,-0.0152688315081798,-0.0209339375997666
-1,-1,0,1,-88.434,-88.434,0,2.01329519971897,2.2023509731263,1.59109736942352,0.994941741929345,-0.0596801434429489,-0.227537444186127
-1,-1,0,2,-115.2467414234,-153.126289558309,19.97845,0.377081291898947,0.573180383413129,-0.837437456936452,0.491077650457622,0.0217305102484831,-0.0276011431380037
-1,-1,0,3,-134.186515490854,-107.373774067454,29.967675,0.709556111762258,0.607494003339658,-0.558438653240893,0.56301884126644,0.0267698984601218,-0.022017126645205
-1,-1,0,4,-69.4942259325455,-134.186515490854,9.989225,0.934215852107918,1.28690642189372,0.238979771413718,0.741915501502716,-0.0704834687924468,-0.179963958516528
0,-1,0,1,-5.41502075178985e-15,-88.434,0,3.31516464079279,3.93946055146267,4.65405735713687,-0.271003890870474,-0.042313713571699,0.334559764302366
0,-1,0,2,-26.8127414234,-153.126289558309,19.97845,0.467134634681792,0.894640044845298,0.107647639016406,0.218366433334277,-0.00438895671341844,0.0108279578763904
0,-1,0,3,-45.7525154908545,-107.373774067454,29.967675,1.60630808251526,1.79101165307082,1.67503010505756,0.729470074639438,0.0492828084237959,-0.267669711661274
0,-1,0,4,18.9397740674545,-134.186515490854,9.989225,1.04741687020793,1.56618981764799,0.712015239234366,-0.281408337558137,0.0429516994558925,-0.0489135029585636
1,-1,0,1,88.434,-88.434,0,2.16883301870839,2.14710512050482,1.09695195031551,-1.22977007245204,0.0946610922403073,-0.0592639442372235
1,-1,0,2,61.6212585766,-153.126289558309,19.97845,0.496232191026659,0.86544286089056,-0.376768540074541,-0.497707390615172,0.0247967764112404,0.00994826472808697
1,-1,0,3,42.6814845091455,-107.373774067454,29.967675,1.6670589439058,2.01682501639164,1.57059261429336,-0.854089634475398,0.297241275755326,-0.27982114983134
1,-1,0,4,107.373774067454,-134.186515490854,9.989225,0.794424001083504,0.869303737768594,-0.550807927546792,-0.682892036206702,-0.0112864406649356,0.0471235059875348
2,-1,0,1,176.868,-88.434,0,0.609375046001637,0.268438503437307,-0.899943039204996,-0.377653222520893,0.0558919670241757,-0.052163226202114
2,-1,0,2,150.0552585766,-153.126289558309,19.97845,0.315323785016265,0.365475971676117,-1.31710754337049,-0.397715649399044,0.0174253040440703,0.00942540472650824
2,-1,0,3,131.115484509146,-107.373774067454,29.967675,0.73770879378706,0.662953332287924,-0.420894878519554,-0.722290169527481,0.186962858509922,-0.138054159834076
2,-1,0,4,195.807774067454,-134.186515490854,9.989225,0.319224296934475,0.163909497699436,-1.42169119111119,-0.160405575240128,0.00268001209616295,0.0282569660705708
-2,0,0,1,-176.868,0,0,0.753184203124734,0.201350337277579,-0.402175818472413,-0.0805120649961336,-0.00438684800401035,0.0356334258156467
-2,0,0,2,-203.6807414234,-64.6922895583089,19.97845,0.439848883194944,0.0535752963961,-0.944866237944248,0.10268337397122,0.0300377352865262,-0.00170779623919009
-2,0,0,3,-222.620515490854,-18.9397740674545,29.967675,0.370876407283364,-0.111312059671863,-0.767142884432673,-0.0732526702676757,0.0386877350543257,0.0368203795335841
-2,0,0,4,-157.928225932546,-45.7525154908545,9.989225,1.01531078871493,0.500051426103215,-0.119018232547751,0.313296780657446,0.155181184458365,0.0725908358597413
-1,0,0,1,-88.434,0,0,4.1532852086134,3.31475755700181,4.07710742739356,-0.302171299218973,-0.182825816825485,0.184211951681203
-1,0,0,2,-115.2467414234,-64.6922895583089,19.97845,1.73744720612273,1.55356651334719,0.900188699543265,0.926638147689791,0.142706128953342,0.132800585912826
-1,0,0,3,-134.186515490854,-18.9397740674545,29.967675,1.38988353540948,0.881602919136171,0.690022202372684,0.196029639276671,0.0338350797962038,0.10893839451193
-1,0,0,4,-69.4942259325455,-45.7525154908545,9.989225,4.62123712500185,4.81191899027465,5.34937475947013,1.26405399569289,0.279698892657538,-0.345889081406407
0,0,0,1,0,0,0,33.6168969412468,34.9997853357471,41.0810659276423,2.28406335530878,0.373428228847939,-0.435873375214091
0,0,0,2,-26.8127414234,-64.6922895583089,19.97845,4.63245255824306,4.70767967903565,7.68070344440413,1.08439147304714,-0.229443979629004,0.0254438665931489
0,0,0,3,-45.7525154908545,-18.9397740674545,29.967675,6.60009919166221,5.96615985195885,9.86078436242605,-0.133680777864783,0.133062758672589,0.121650648231425
0,0,0,4,18.9397740674545,-45.7525154908545,9.989225,10.2400220553382,9.18650790585191,13.1145880850844,-1.31483635347399,-0.25941830966146,0.785410364259349
1,0,0,1,88.434,0,0,4.1532852086134,3.31475755700179,4.07710742739354,-0.102372703644908,0.0979533737257145,-0.109699332732523
1,0,0,2,61.6212585766,-64.6922895583089,19.97845,3.28768752700869,3.58165073876307,3.11461506532958,-1.62642734225001,0.0665637341655501,0.16730432684702
1,0,0,3,42.6814845091455,-18.9397740674545,29.967675,6.57145128539771,5.81407370586623,10.4102288977337,-0.648662266765016,0.871401612972553,-0.332038854701752
1,0,0,4,107.373774067454,-45.7525154908545,9.989225,2.15054397665251,1.76649210492691,1.79300818105704,-0.801356208682358,-0.109416698854102,-0.0421452985476616
2,0,0,1,176.868,0,0,0.753184203124738,0.201350337277583,-0.402175818472419,-0.0278129141430636,0.0398632091418102,0.0227751688520633
2,0,0,2,150.0552585766,-64.6922895583089,19.97845,0.877083530104754,0.530649009400766,-0.273545054186621,-0.555093157825409,0.0699649603400282,-0.0388983272133743
2,0,0,3,131.115484509146,-18.9397740674545,29.967675,1.4537203565726,0.866557104914612,0.923304407985117,-0.437488935091765,0.137629232613157,-0.0103796258124703
2,0,0,4,195.807774067454,-45.7525154908545,9.989225,0.485320860112036,0.0270513520664319,-0.751876117807998,-0.150288952055116,0.0151175949927749,0.0294864645081614
-2,1,0,1,-176.868,88.434,0,0.609375046001634,0.268438503437309,-0.899943039205008,-0.429518457838423,-0.00183593770699849,-0.00162268403745197
-2,1,0,2,-203.6807414234,23.7417104416911,19.97845,0.50655516222727,-0.0168182311707689,-0.726996353528817,-0.10969847795333,-0.0214597852268081,0.0523747940778052
-2,1,0,3,-222.620515490854,69.4942259325455,29.967675,0.364754768095012,-0.066974318245168,-0.977390853803955,-0.0420917661902936,-0.00368659947241248,0.0305762254061543
-2,1,0,4,-157.928225932546,42.6814845091455,9.989225,1.05265669375318,0.4942665772678,-0.0397335045145869,-0.527195548240685,0.026838775103468,0.0113677123568022
-1,1,0,1,-88.434,88.434,0,2.16883301870838,2.14710512050482,1.09695195031548,-1.5080757947353,0.0767124285674933,-0.253738991344805
-1,1,0,2,-115.2467414234,23.7417104416911,19.97845,2.46366074378986,1.72022766754372,1.63821832278124,-0.608901689105774,-0.310572028125604,0.259837269834382
-1,1,0,3,-134.186515490854,69.4942259325455,29.967675,1.17963046513034,0.782464168953347,0.181932911879023,-0.720322879206675,-0.0859798472590324,0.0885142199256522
-1,1,0,4,-69.4942259325455,42.6814845091455,9.989225,5.45329293092167,4.54226451376135,5.23237586644363,-2.55828021429014,-0.782056720374491,0.470474099011614
0,1,0,1,5.41502075178985e-15,88.434,0,3.31516464079278,3.93946055146266,4.65405735713681,0.12479298860546,-0.367001856585174,-0.63265237353641
0,1,0,2,-26.8127414234,23.7417104416911,19.97845,11.7151051009572,11.5108614296051,17.1893155613166,-0.770911376457212,-0.351151859095874,1.48030636599229
0,1,0,3,-45.7525154908545,69.4942259325455,29.967675,3.49502872495217,3.9754454652666,4.48916084712381,-1.04089904949884,-0.217383328949158,-0.168911159860729
0,1,0,4,18.9397740674545,42.6814845091455,9.989225,9.9715008782382,10.4009887685679,14.2466237750616,1.92990821419074,-1.70736015210618,-0.436374669480341
1,1,0,1,88.434,88.434,0,2.01329519971897,2.20235097312629,1.59109736942348,1.64259936869035,-0.247713914882293,-0.067750412583734
1,1,0,2,61.6212585766,23.7417104416911,19.97845,5.78884768192468,4.85706827451138,7.82647717362438,1.05605389889793,0.533760456108965,0.14136766666068
1,1,0,3,42.6814845091455,69.4942259325455,29.967675,3.39874066480581,3.88093628577027,4.5978071178327,1.00386222922061,0.321186450326483,0.873573325737407
1,1,0,4,107.373774067454,42.6814845091455,9.989225,2.35460528237426,1.77795475104034,1.68425059670387,0.903500991298803,-0.0578131914302802,0.048678122524034
2,1,0,1,176.868,88.434,0,0.604654077321335,0.279126572603765,-0.872832002941335,0.39819205292542,-0.0407940882848895,0.00324454194608681
2,1,0,2,150.0552585766,23.7417104416911,19.97845,1.06033712924612,0.539527713536033,0.12551430327472,0.159539283101343,0.161506885576731,0.0932624061150489
2,1,0,3,131.115484509146,69.4942259325455,29.967675,1.19926376104834,0.796845876516836,0.330244617555352,0.661714768150054,0.0783404127164624,0.128127728556224
2,1,0,4,195.807774067454,42.6814845091455,9.989225,0.50287969027704,0.0333507997362178,-0.741712578305531,0.0832112871729657,-0.0209455634663727,-0.0105551451913416
-2,2,0,1,-176.868,176.868,0,0.240390873147326,0.245222153015542,-1.59708382517059,-0.214008021616977,0.0122881691756143,-0.0333333393944993
-2,2,0,2,-203.6807414234,112.175710441691,19.97845,0.402743042840758,0.0915009237272976,-1.26653492016268,-0.200273901505433,-0.0365432159236345,0.095019801287998
-2,2,0,3,-222.620515490854,157.928225932546,29.967675,0.198751267573163,0.0640779962625284,-1.60125211647382,-0.0111352568688594,0.0238153576777454,0.0154330486054233
-2,2,0,4,-157.928225932546,131.115484509146,9.989225,0.521521560762459,0.409064411726973,-1.08273116271609,-0.554833413769559,-0.101131002579891,0.0166732109034982
-1,2,0,1,-88.434,176.868,0,0.259795972114991,0.599321016998833,-0.906969285664774,-0.369782223750423,0.0271637411605361,-0.0742112236427862
-1,2,0,2,-115.2467414234,112.175710441691,19.97845,1.10409188997863,1.04034796449598,-0.153020515442107,-0.927823306889488,-0.163119473218167,0.0994558760960689
-1,2,0,3,-134.186515490854,157.928225932546,29.967675,0.345755340169141,0.377167497130675,-1.14229057125172,-0.445839205914213,-0.0416786720626764,0.00192525328351574
-1,2,0,4,-69.4942259325455,131.115484509146,9.989225,1.0051093871886,1.44112515345416,0.365239827335629,-0.824409719762561,-0.215370464917073,0.100562881901626
0,2,0,1,1.08300415035797e-14,176.868,0,0.155752919416475,0.707216269926668,-0.339241137591738,0.0660980584811409,-0.033703287303735,-0.128276691614173
0,2,0,2,-26.8127414234,112.175710441691,19.97845,1.68379897381561,2.3323061780352,2.18979863419132,-0.555944909665838,-0.221228941841055,-0.224596759268809
0,2,0,3,-45.7525154908545,157.928225932546,29.967675,0.386224985165562,0.889434021948189,-0.201306786116574,-0.337732781811209,-0.0730768830233844,0.028863958756799
0,2,0,4,18.9397740674545,131.115484509146,9.989225,1.0388971292544,1.68030475080193,1.00624698068922,0.443854271758374,-0.129604448120054,0.087871559737189
1,2,0,1,88.434,176.868,0,0.240477512461208,0.554347032417971,-0.809164880746126,0.381220720641023,-0.0994676279244384,-0.0391361714245717
1,2,0,2,61.6212585766,112.175710441691,19.97845,1.41074247822054,1.95390004300957,1.44202058261873,0.877449238751518,0.00507342053258062,0.29498184825024
1,2,0,3,42.6814845091455,157.928225932546,29.967675,0.373533234361827,0.89803861661219,-0.0702338269540005,0.381631034265482,0.0430094512166937,0.156761995702647
1,2,0,4,107.373774067454,131.115484509146,9.989225,0.810032683449858,0.882391833755707,-0.42031545117197,0.787722549077335,-0.0631506122564149,-0.00857845925635033
2,2,0,1,176.868,176.868,0,0.228581624596121,0.244110833046869,-1.5794572765114,0.181781347277636,-0.0326069276618719,-0.0162744277207547
2,2,0,2,150.0552585766,112.175710441691,19.97845,0.670004018380511,0.437882199913275,-0.767684577425031,0.520589802179632,0.100637347741984,0.146434816673501
2,2,0,3,131.115484509146,157.928225932546,29.967675,0.305883206775869,0.403614668291959,-1.08552354482142,0.451155757653168,0.104704189669931,0.0911336073522112
2,2,0,4,195.807774067454,131.115484509146,9.989225,0.359012462783057,0.152995418824097,-1.39717091742555,0.152615494782801,-0.0335111817060086,-0.0117344712974564
-2,-2,1,1,-176.868,-176.868,39.9569,0.0848272570207034,0.0977470768012896,-1.57340825131227,0.111592835337166,-0.0261639688923503,-0.0973872586126802
-2,-2,1,2,-203.6807414234,-241.560289558309,59.93535,-0.0934271726606583,-0.0962598665959623,-1.74224088167244,-0.0637806709675035,-0.0210126794122418,0.0651998733280214
-2,-2,1,3,-222.620515490854,-195.807774067454,69.924575,-0.180452603219455,-0.185116676596243,-1.75864695376298,-0.0392262013791799,0.0517298432258237,-0.0283663965488601
-2,-2,1,4,-157.928225932546,-222.620515490854,49.946125,-0.0495394338046816,0.05277416026561,-1.58787661524688,-0.0400119755314755,-0.1102900804833,-0.00613693313475916
-1,-2,1,1,-88.434,-176.868,39.9569,0.100608671294956,0.36499061538898,-0.819086741822494,0.254208888742307,-0.0516855882132836,-0.11434223632926
-1,-2,1,2,-115.2467414234,-241.560289558309,59.93535,-0.149730858415317,0.0674844405487176,-1.26721187690004,-0.157541273797551,-0.0809440594625306,0.0402836101886498
-1,-2,1,3,-134.186515490855,-195.807774067454,69.924575,-0.202458658426112,-0.0887978740542769,-1.43167283962537,0.0647755447310264,-0.0527278556171682,-0.0503995066984253
-1,-2,1,4,-69.4942259325455,-222.620515490854,49.946125,-0.161467816288606,0.203202508043953,-0.969890735738408,-0.0189970873051813,-0.113446262512241,-0.0104854409409196
0,-2,1,1,-8.38338701913716e-15,-176.868,39.9569,0.02389334241255,0.510420271581457,-0.361991822862463,-0.0347819637018521,0.0307389596259823,-0.0639715558861906
0,-2,1,2,-26.8127414234,-241.560289558309,59.93535,-0.262284642616731,0.187327501709924,-0.707356384234215,-0.0634888172355251,-0.051125270053258,0.0309246037691908
0,-2,1,3,-45.7525154908545,-195.807774067454,69.924575,-0.290013978507804,0.0419480939285126,-0.803330017709864,0.0565005526290346,-0.0460998942567361,-0.0696441769085345
0,-2,1,4,18.9397740674545,-222.620515490854,49.946125,-0.214028446892534,0.224494862348489,-0.774597109786446,0.00389898854541046,0.00178391950040484,-0.0029577434720473
1,-2,1,1,88.434,-176.868,39.9569,0.101237495322395,0.401349136594154,-0.907952856625145,-0.327744674654145,0.0716149240782636,-0.0582753333185685
1,-2,1,2,61.6212585766,-241.560289558309,59.93535,-0.199302633646806,0.145382764706658,-0.854303572904195,0.0927890784861605,0.0329450674290595,0.0798289274593759
1,-2,1,3,42.6814845091455,-195.807774067454,69.924575,-0.283051966767533,0.060683034639944,-0.791502926648703,-0.0897854787155959,0.10076432701278,-0.06632094163803
1,-2,1,4,107.373774067454,-222.620515490854,49.946125,-0.0793029311218705,0.133625449629199,-1.29193338826854,-0.00746102451133091,0.0469307313842655,0.0144794589492398
2,-2,1,1,176.868,-176.868,39.9569,0.0898937452264346,0.102354203542597,-1.59246991491935,-0.177037091354252,0.0488436512970715,-0.0854483717486102
2,-2,1,2,150.0552585766,-241.560289558309,59.93535,-0.0976767938734846,-0.0245363536364816,-1.51941580222481,0.0749062715005229,0.0587307481146735,0.0838985473510552
2,-2,1,3,131.115484509146,-195.807774067454,69.924575,-0.201417273989727,-0.0614780086481583,-1.39478625024116,-0.13496829399543,0.145398423345774,-0.0441708730927996
2,-2,1,4,195.807774067454,-222.620515490854,49.946125,-0.0196519407051719,-0.017419445870679,-1.76601582108598,-0.0246859269069512,-0.0140279723053119,0.00287574511865843
-2,-1,1,1,-176.868,-88.434,39.9569,0.407572632839572,0.136629037187573,-0.889727469527321,0.240769160194527,-0.0594455939579131,-0.116543916749351
-2,-1,1,2,-203.6807414234,-153.126289558309,59.93535,-0.0476730570693177,-0.0840922475347662,-1.57634755984473,0.0591857750694545,0.00268993889980094,-0.0357906049977244
-2,-1,1,3,-222.620515490854,-107.373774067454,69.924575,-0.0570252661142771,-0.235324692481743,-1.30271031494097,-0.0626440865546383,0.0665575069775677,-0.0697920194607041
-2,-1,1,4,-157.928225932546,-134.186515490854,49.946125,0.191162411810277,0.150684256993444,-1.1319348967698,0.304201742254421,-0.0934452732295798,-0.104227866653779
-1,-1,1,1,-88.434,-88.434,39.9569,1.38656299474553,1.48834581116887,1.30932835982866,0.654228547771103,-0.166175893902215,-0.347133720589997
-1,-1,1,2,-115.2467414234,-153.126289558309,59.93535,0.0504359072022859,0.195343441174423,-0.886762317093801,0.330853552147915,-0.0746943780205223,-0.0984670115562023
-1,-1,1,3,-134.186515490854,-107.373774067454,69.924575,0.192025669476588,0.106933283192871,-0.634633728418599,0.334525212798348,-0.0698971621240889,-0.117833700232015
-1,-1,1,4,-69.4942259325455,-134.186515490854,49.946125,0.516582428127965,0.767305750010169,0.136183868808022,0.455501668726718,-0.178731144633307,-0.269264082843679
0,-1,1,1,-2.96836626734731e-15,-88.434,39.9569,2.4160531768038,2.60218777629872,4.14292114695255,-0.0232208019535567,-0.0442057239998946,-0.256325482442114
0,-1,1,2,-26.8127414234,-153.126289558309,59.93535,0.105629165075476,0.45462579827655,-0.0437609357203408,0.152161493371197,-0.0517965546702839,-0.102172908116671
0,-1,1,3,-45.7525154908545,-107.373774067454,69.924575,0.668265046731362,0.814952194093798,1.25728018745467,0.331043930897792,-0.105397387421584,-0.361796005448324
0,-1,1,4,18.9397740674545,-134.186515490854,49.946125,0.582383508380273,1.00465864554899,0.500993926311228,-0.211637884986982,0.0572987838165005,-0.208276852127427
1,-1,1,1,88.434,-88.434,39.9569,1.46013068937279,1.46385431669222,1.0383801081645,-0.857571742654501,0.347341596250227,-0.313476182073109
1,-1,1,2,61.6212585766,-153.126289558309,59.93535,0.0989827447909884,0.401659668102907,-0.440762238259673,-0.321630470345995,0.110041664309288,-0.0865854792986734
1,-1,1,3,42.6814845091455,-107.373774067454,69.924575,0.732770079903177,0.888482295927025,1.21786925142629,-0.388386818159139,0.306950514142976,-0.324580093531989
1,-1,1,4,107.373774067454,-134.186515490854,49.946125,0.407542180609345,0.490042606813471,-0.595659239889585,-0.525795092980983,0.118589993212616,-0.104359735934358
2,-1,1,1,176.868,-88.434,39.9569,0.398562744118867,0.107467593338776,-0.916213051549935,-0.320205189116711,0.121140611149918,-0.134661804660077
2,-1,1,2,150.0552585766,-153.126289558309,59.93535,0.0119291673262221,0.0468489591482004,-1.32641466958447,-0.286615924569453,0.0844333498767,-0.0476572687102888
2,-1,1,3,131.115484509146,-107.373774067454,69.924575,0.228805648660184,0.164553950234096,-0.5252022442324,-0.471262993317104,0.248131394851576,-0.193684723498101
2,-1,1,4,195.807774067454,-134.186515490854,49.946125,0.100891989922448,-0.0351330117707006,-1.42649934249596,-0.149309524380007,0.0261827511248929,-0.04733520234728
-2,0,1,1,-176.868,2.44665448444254e-15,39.9569,0.553261582760153,0.077006952794106,-0.42867976555776,-0.076786905988369,-0.0911761779107613,0.0150619085096504
-2,0,1,2,-203.6807414234,-64.6922895583089,59.93535,0.139918419815356,-0.18209832631844,-0.983240960307563,0.062521357504124,-0.00180244297672268,-0.0358033697933704
-2,0,1,3,-222.620515490854,-18.9397740674545,69.924575,0.0416509370994375,-0.355502641486771,-0.822433501341382,-0.0768163462497623,0.0474347876710247,0.00777533351832621
-2,0,1,4,-157.928225932546,-45.7525154908545,49.946125,0.633164474269203,0.231925172121425,-0.173666328873796,0.191599801779472,-0.0541768228820973,-0.0155264773431156
-1,0,1,1,-88.434,2.44665448444254e-15,39.9569,3.14007536674576,2.49335561770025,3.96466920289742,-0.0879586354956084,-0.466881382078152,0.149889289060799
-1,0,1,2,-115.2467414234,-64.6922895583089,59.93535,0.925358335310369,0.756922030926933,0.686235956966614,0.513697505520034,-0.181556912288482,-0.0560415026264751
-1,0,1,3,-134.186515490854,-18.9397740674545,69.924575,0.65143334911505,0.266715827494359,0.423280403899633,0.0609145156553767,-0.158459646269596,0.0374337294357985
-1,0,1,4,-69.4942259325455,-45.7525154908545,49.946125,2.52540286565878,2.50880941657732,4.04228195681082,0.346252050374334,-0.328414557053286,-0.397397376492075
0,0,1,1,2.44665448444254e-15,2.44665448444254e-15,39.9569,7.72067492950222,7.71385139365384,15.3782891680911,1.09898595843064,-0.24353516701558,1.29439593266704
0,0,1,2,-26.8127414234,-64.6922895583089,59.93535,2.08917003162428,2.1972933527649,4.39559733383318,0.435694857339322,-0.279470861223197,-0.398030461663844
0,0,1,3,-45.7525154908545,-18.9397740674545,69.924575,2.40203216520439,2.18277186433113,5.60282579434592,0.0475308253546362,-0.434800919852048,-0.0126109624376047
0,0,1,4,18.9397740674545,-45.7525154908545,49.946125,3.77349843843329,3.69108230254774,6.97500288074289,-0.359513213816367,0.237445209681677,-0.604497553950577
1,0,1,1,88.434,2.44665448444254e-15,39.9569,2.85247742545792,2.1106826469957,3.08272506126544,-0.0227202738122644,0.458023952690319,-0.108678931751601
1,0,1,2,61.6212585766,-64.6922895583089,59.93535,1.62047894119623,1.70421509068784,2.69587926012028,-0.511459345729445,0.462551756383872,-0.227220523712664
1,0,1,3,42.6814845091455,-18.9397740674545,69.924575,2.39673912554092,2.35673467713929,5.84265697074116,-0.145633393960205,0.46148383018852,-0.209896008339404
1,0,1,4,107.373774067454,-45.7525154908545,49.946125,1.37430227211586,1.03704508257125,1.38549830397686,-0.512904362947369,0.18229127081234,-0.213174275075499
2,0,1,1,176.868,2.44665448444254e-15,39.9569,0.552022085133699,0.0374236443671581,-0.457603556148615,-0.0365879627844235,0.110189922105532,-0.00523511658961505
2,0,1,2,150.0552585766,-64.6922895583089,59.93535,0.414926796556759,0.147764037283929,-0.363376604449603,-0.362197759969881,0.177716647292548,-0.107671660172309
2,0,1,3,131.115484509146,-18.9397740674545,69.924575,0.684781840276571,0.292397397535983,0.60454282191219,-0.255744845050216,0.280009856282295,-0.0671234870009982
2,0,1,4,195.807774067454,-45.7525154908545,49.946125,0.254859607270593,-0.152209286549642,-0.795999276961629,-0.14150776721267,0.0459302404600537,-0.027551288726142
-2,1,1,1,-176.868,88.434,39.9569,0.427873297531544,0.113772641621135,-0.923662802213129,-0.379440372244769,-0.0767681929812977,0.0633423896708858
-2,1,1,2,-203.6807414234,23.7417104416911,59.93535,0.202852693488938,-0.239682185406913,-0.774140081183139,-0.0895838658837542,-0.0520069915238624,0.0774053463098104
-2,1,1,3,-222.620515490854,69.4942259325455,69.924575,0.0275562496772183,-0.326677959000114,-1.02075631943602,-0.0540477650858195,0.00441978980162225,0.0781937355936437
-2,1,1,4,-157.928225932546,42.6814845091455,49.946125,0.690480013656037,0.228619125839883,-0.131909617691676,-0.447978286504889,-0.182097231159577,0.0989334135941321
-1,1,1,1,-88.434,88.434,39.9569,1.41807934955418,1.58032355590542,0.948872572868616,-0.990959866719023,-0.238634963874667,0.0145570011695296
-1,1,1,2,-115.2467414234,23.7417104416911,59.93535,1.36320616254256,0.855077521830104,1.25976322074164,-0.326177896674292,-0.434168511492705,0.268810067323475
-1,1,1,3,-134.186515490854,69.4942259325455,69.924575,0.497860780694124,0.223972179046759,0.00218079337001046,-0.451616828834603,-0.204866515751849,0.195103881510965
-1,1,1,4,-69.4942259325455,42.6814845091455,49.946125,2.87931538125064,2.59830776333308,4.23780877859455,-0.936406042599146,-0.720336610358926,0.429471173287423
0,1,1,1,7.86167523623239e-15,88.434,39.9569,2.16192915134551,2.74682605534463,3.56323529489894,0.113974141466119,-0.0929539054369901,0.256182160312346
0,1,1,2,-26.8127414234,23.7417104416911,59.93535,3.78816799582476,3.73242639760485,8.81306506132971,-0.0219119088857414,-0.583496809145704,1.05126015906516
0,1,1,3,-45.7525154908545,69.4942259325455,69.924575,1.50616937011268,1.71233583029505,3.07377052148811,-0.460688126894773,-0.310191045933809,0.501331889671613
0,1,1,4,18.9397740674545,42.6814845091455,49.946125,4.05599181056461,4.1060829861532,8.60728682921466,0.452349822119866,0.118260928772311,1.16650452703456
1,1,1,1,88.434,88.434,39.9569,1.42662743547955,1.45958656835925,1.35979689396979,1.0309919514307,0.140386264699287,0.139768578795234
1,1,1,2,61.6212585766,23.7417104416911,59.93535,2.58643451015019,2.32042817803564,5.20832974517548,0.481977694289519,0.568902018043876,0.400952015924224
1,1,1,3,42.6814845091455,69.4942259325455,69.924575,1.43589351699622,1.77898061527053,3.37323049302012,0.354348031995985,0.375648331986167,0.676642446329557
1,1,1,4,107.373774067454,42.6814845091455,49.946125,1.44899344071934,0.998788300631308,1.31567967803823,0.477731553613424,0.202661390994605,0.166435917934386
2,1,1,1,176.868,88.434,39.9569,0.413514002385545,0.0991504457057031,-0.915399957363898,0.305852647790508,0.0300887670668458,0.0603884237402545
2,1,1,2,150.0552585766,23.7417104416911,59.93535,0.568681918962787,0.161197232196845,-0.016771337445251,0.119555982084285,0.228775711651886,0.108330932008044
2,1,1,3,131.115484509146,69.4942259325455,69.924575,0.492443225747405,0.222069214128525,0.122734809171092,0.350535016643494,0.21792378298404,0.182260912065207
2,1,1,4,195.807774067454,42.6814845091455,49.946125,0.268471245052902,-0.158077632840596,-0.789675246095975,0.0298805480133098,0.00366348093787176,0.0357309735984238
-2,2,1,1,-176.868,176.868,39.9569,0.097023463435475,0.100169096115278,-1.60031446175118,-0.191898273110046,-0.0319480862099166,-0.00551581155532515
-2,2,1,2,-203.6807414234,112.175710441691,59.93535,0.095997242721946,-0.151416371119472,-1.27854591767777,-0.156273688410908,-0.0623078663076029,0.142628347656024
-2,2,1,3,-222.620515490854,157.928225932546,69.924575,-0.112493121172689,-0.221464759737712,-1.60264659662631,-0.0315487715467231,0.0226976551593926,0.0583663554863542
-2,2,1,4,-157.928225932546,131.115484509146,49.946125,0.247425230625755,0.158528994694727,-1.09343695254563,-0.446035593742643,-0.173861481259759,0.10255819661986
-1,2,1,1,-88.434,176.868,39.9569,0.0927834912800385,0.404911561974747,-0.926426200321126,-0.317365341550303,-0.0571705756587814,-0.00935759103210618
-1,2,1,2,-115.2467414234,112.175710441691,59.93535,0.498982821292851,0.497317752909823,-0.242658993663206,-0.594357772213005,-0.266402671308562,0.229254353706158
-1,2,1,3,-134.186515490854,157.928225932546,69.924575,-0.0385214048336368,0.00156552316345642,-1.17389541557227,-0.319931428239486,-0.10377358442698,0.0760045237219736
-1,2,1,4,-69.4942259325455,131.115484509146,49.946125,0.596212804506003,0.922308694433228,0.22148392961347,-0.594099598419063,-0.276825273413601,0.19433543896187
0,2,1,1,1.32766959880222e-14,176.868,39.9569,0.0152644092849479,0.516093001870894,-0.384078537966486,0.0237289463526,-0.0171906743912968,-0.00930665181293951
0,2,1,2,-26.8127414234,112.175710441691,59.93535,0.890525450636783,1.31758357912262,1.68268239319065,-0.283395768388048,-0.192331044659253,0.240987901202689
0,2,1,3,-45.7525154908545,157.928225932546,69.924575,-0.0210999048512506,0.363814810554398,-0.307263666677371,-0.236882397750205,-0.0906681816113547,0.141943137968471
0,2,1,4,18.9397740674545,131.115484509146,49.946125,0.640840817040797,1.09344744494094,0.825066734653562,0.22145818543573,-0.0511534016832696,0.307300364487831
1,2,1,1,88.434,176.868,39.9569,0.0788900510545849,0.382376451673724,-0.841556122631601,0.302225375630694,0.016524813314495,0.0462351689556654
1,2,1,2,61.6212585766,112.175710441691,59.93535,0.748805407510244,1.04848422842766,1.11765430331455,0.509450805574563,0.16327778743775,0.412323364178688
1,2,1,3,42.6814845091455,157.928225932546,69.924575,-0.0395869263305039,0.365158478634628,-0.19923939235956,0.206161054993724,0.0967932366889303,0.21980604820577
1,2,1,4,107.373774067454,131.115484509146,49.946125,0.41849497976209,0.478469130580341,-0.486188261466002,0.542231741165708,0.0674753754473728,0.133602414859362
2,2,1,1,176.868,176.868,39.9569,0.0883446809416039,0.0995378537396399,-1.58775206358184,0.140559107750893,0.0150891741597158,0.0128699308929349
2,2,1,2,150.0552585766,112.175710441691,59.93535,0.258238091166438,0.0948512574627946,-0.809688726461629,0.353835160059717,0.139902146529911,0.194104341833218
2,2,1,3,131.115484509146,157.928225932546,69.924575,-0.0632182397371881,0.00280161644093982,-1.11135116921803,0.270788122295441,0.152027710182865,0.135494155303534
2,2,1,4,195.807774067454,131.115484509146,49.946125,0.128896623364934,-0.0509790089808799,-1.41024052342553,0.086222437568601,-0.0205991858004066,0.0535747503711916
-2,-2,2,1,-176.868,-176.868,79.9138,-0.253009800215732,-0.242901451526516,-1.57799802918172,0.0685711311227776,-0.0455540304725034,-0.108718201228401
-2,-2,2,2,-203.6807414234,-241.560289558309,99.89225,-0.460775398364134,-0.459222358388453,-1.73615371825211,-0.0444898766650894,-0.0286407971457556,0.0608842548106893
-2,-2,2,3,-222.620515490854,-195.807774067454,109.881475,-0.550483688011567,-0.555780649325897,-1.75406715722689,-0.0378139035826947,0.0405865902455804,-0.0312166024271413
-2,-2,2,4,-157.928225932546,-222.620515490854,89.903025,-0.390590883086594,-0.320105131841998,-1.5894863407188,-0.0415888185689438,-0.117108153024054,-0.0054788645956413
-1,-2,2,1,-88.434,-176.868,79.9138,-0.257201199988977,-0.0539168653693361,-0.889176147651179,0.15689252999829,-0.0966134284505487,-0.143713531075336
-1,-2,2,2,-115.2467414234,-241.560289558309,99.89225,-0.511674296562349,-0.350687939943829,-1.29527957226225,-0.100116210292827,-0.105506531928789,0.0540692562094087
-1,-2,2,3,-134.186515490855,-195.807774067454,109.881475,-0.576996356183424,-0.494540814312472,-1.45408587000426,0.0231699956320119,-0.0672233659809487,-0.0496003448428353
-1,-2,2,4,-69.4942259325455,-222.620515490854,89.903025,-0.475828810986287,-0.204583981392859,-1.01992405892283,-0.0268513610944468,-0.124188044426779,-0.00478057801798738
0,-2,2,1,-5.93673253469462e-15,-176.868,79.9138,-0.306226453845096,0.0512048964770656,-0.469632267045642,-0.0224778328226786,0.0171768939558338,-0.123532990230407
0,-2,2,2,-26.8127414234,-241.560289558309,99.89225,-0.584263298996591,-0.254879452157047,-0.781049186203552,-0.0419479892322026,-0.0520960441218233,0.0632278598645242
0,-2,2,3,-45.7525154908545,-195.807774067454,109.881475,-0.640577539472541,-0.398417782593838,-0.890628667795136,0.0201961109981106,-0.0519108138320652,-0.0666354527990913
0,-2,2,4,18.9397740674545,-222.620515490854,89.903025,-0.512937752665953,-0.177975149821467,-0.837468409755105,-0.0138086243756684,0.00599645277181039,0.00701103169351423
1,-2,2,1,88.434,-176.868,79.9138,-0.268014695165627,-0.04099429581517,-0.952435656798672,-0.210788017414373,0.120750784337484,-0.106492405794975
1,-2,2,2,61.6212585766,-241.560289558309,99.89225,-0.544887537652949,-0.285122494018581,-0.923805614528935,0.0521403782485247,0.0627063913238491,0.0924154399324731
1,-2,2,3,42.6814845091455,-195.807774067454,109.881475,-0.635440317448935,-0.388040530898357,-0.878239135589875,-0.0597710316887911,0.0908670090880275,-0.05865530971238
1,-2,2,4,107.373774067454,-222.620515490854,89.903025,-0.422337010729433,-0.25770950757937,-1.31541663304164,-0.0209776580715013,0.0752676499041228,0.0149934819084973
2,-2,2,1,176.868,-176.868,79.9138,-0.254533243738922,-0.239809248067863,-1.59450984889013,-0.12325897700173,0.0735098519451298,-0.100628231926314
2,-2,2,2,150.0552585766,-241.560289558309,99.89225,-0.468909584092925,-0.411000898504668,-1.53101317449365,0.0423611182204582,0.0744937759551098,0.0784809492854974
2,-2,2,3,131.115484509146,-195.807774067454,109.881475,-0.573793993811551,-0.478584518860029,-1.41891090263962,-0.0881641204669101,0.135689391689499,-0.0414518915314041
2,-2,2,4,195.807774067454,-222.620515490854,89.903025,-0.368029525462418,-0.365482865052189,-1.75857175992527,-0.0339620812192378,-0.00022155816551788,0.00193896376708546
-2,-1,2,1,-176.868,-88.434,79.9138,-0.0376898965167065,-0.233614207283478,-0.94936755011891,0.147315838009951,-0.0786614824774744,-0.138911163087764
-2,-1,2,2,-203.6807414234,-153.126289558309,99.89225,-0.428514939039791,-0.461495697095596,-1.58694618232114,0.0300038623781544,-0.00800659005932935,-0.0546926143525989
-2,-1,2,3,-222.620515490854,-107.373774067454,109.881475,-0.466315916550182,-0.600480025353851,-1.3381121497219,-0.0523281281358542,0.0566325755474738,-0.0857720358155456
-2,-1,2,4,-157.928225932546,-134.186515490854,89.903025,-0.242066706378662,-0.284999023427412,-1.17775550444185,0.163612606995513,-0.116898766016311,-0.126031530554321
-1,-1,2,1,-88.434,-88.434,79.9138,0.489844973199802,0.516799965228529,0.858161470801328,0.369543421204057,-0.23571875308143,-0.304002972228177
-1,-1,2,2,-115.2467414234,-153.126289558309,99.89225,-0.392614744147769,-0.292609259505327,-0.978218691720019,0.183672207418316,-0.110015212279886,-0.107633797560893
-1,-1,2,3,-134.186515490854,-107.373774067454,109.881475,-0.355416206907569,-0.415247421940548,-0.763956567554436,0.164360370818817,-0.100446581272129,-0.127234398025903
-1,-1,2,4,-69.4942259325455,-134.186515490854,89.903025,-0.0945805202326416,0.0882193281421327,-0.112552341066277,0.229601220921241,-0.182797433713855,-0.247211218717663
0,-1,2,1,-5.21711782904764e-16,-88.434,79.9138,0.926911617973202,1.03619953332745,2.53743181859241,0.0295081552257034,-0.0160784414011167,-0.36703763482301
0,-1,2,2,-26.8127414234,-153.126289558309,99.89225,-0.376947477340652,-0.124274205925006,-0.266744749046343,0.0855453639060457,-0.0582577362617756,-0.132709079909301
0,-1,2,3,-45.7525154908545,-107.373774067454,109.881475,-0.153116068106981,-0.0493094849053641,0.629988815867211,0.142428678178822,-0.12115952076436,-0.279947030183535
0,-1,2,4,18.9397740674545,-134.186515490854,89.903025,-0.0463323928583823,0.220549153739222,0.213117848548365,-0.126661483083216,0.0414375005669994,-0.233626414656852
1,-1,2,1,88.434,-88.434,79.9138,0.504057188982125,0.47902769083042,0.645740400218433,-0.417171089852368,0.349374582284539,-0.328897214703039
1,-1,2,2,61.6212585766,-153.126289558309,99.89225,-0.379707556789533,-0.17084956747185,-0.573148441621402,-0.171442332920987,0.118290748361266,-0.114682459323262
1,-1,2,3,42.6814845091455,-107.373774067454,109.881475,-0.113932927082586,-0.0248931730366332,0.648027726008454,-0.177542352804894,0.201415027879344,-0.279841072116666
1,-1,2,4,107.373774067454,-134.186515490854,89.903025,-0.13860528104859,-0.0803734444375897,-0.696094192532479,-0.31523794669434,0.155893839832068,-0.159430271825864
2,-1,2,1,176.868,-88.434,79.9138,-0.0416169872328224,-0.259815425956115,-0.977002623862352,-0.203617898470511,0.140047696597803,-0.161819867945371
2,-1,2,2,150.0552585766,-153.126289558309,99.89225,-0.405844168565849,-0.385571561390079,-1.35520883137852,-0.166115482395138,0.107062524325947,-0.0731341102410928
2,-1,2,3,131.115484509146,-107.373774067454,109.881475,-0.326758379458123,-0.377711700936798,-0.679179060789958,-0.25837211698876,0.219421531845922,-0.177645346309169
2,-1,2,4,195.807774067454,-134.186515490854,89.903025,-0.285375615958836,-0.38961648757309,-1.44538025619317,-0.111196962206145,0.0385780585526904,-0.0860161713654792
-2,0,2,1,-176.868,4.89330896888509e-15,79.9138,0.0871149059760204,-0.273249872805147,-0.530191417272002,-0.0475341946554406,-0.129473567676702,0.0113430733032453
-2,0,2,2,-203.6807414234,-64.6922895583089,99.89225,-0.296465557896329,-0.534632997510217,-1.0485999049601,0.0336354746523688,-0.0167603481575907,-0.0503541417141591
-2,0,2,3,-222.620515490854,-18.9397740674545,109.881475,-0.388112980135378,-0.681845732125988,-0.904184839114106,-0.0599074767072048,0.0408029377062753,-0.00655012304803433
-2,0,2,4,-157.928225932546,-45.7525154908545,89.903025,0.0405167697016422,-0.243173624104432,-0.34044948865389,0.0792474321538803,-0.145431533992413,-0.0478027458352221
-1,0,2,1,-88.434,4.89330896888509e-15,79.9138,1.20358744173796,0.941150530503564,2.67795595878237,0.0304209699577602,-0.531918691038326,0.130018402809254
-1,0,2,2,-115.2467414234,-64.6922895583089,99.89225,0.0786817933429079,-0.0409887601407661,0.271691865960327,0.252545555620438,-0.230164205926028,-0.0857364579125072
-1,0,2,3,-134.186515490854,-18.9397740674545,109.881475,-0.0967425505750649,-0.348271427547613,0.0744010477346554,0.0134268980514114,-0.181923906747933,0.0239413439179748
-1,0,2,4,-69.4942259325455,-45.7525154908545,89.903025,0.821263663159817,0.779847967815458,2.47940378496497,0.146438147512501,-0.369506884071971,-0.224557325679993
0,0,2,1,4.89330896888509e-15,4.89330896888509e-15,79.9138,2.21259436784676,2.2441849765674,7.15980601699302,0.210994993006189,0.0462329799599256,0.507784522728641
0,0,2,2,-26.8127414234,-64.6922895583089,99.89225,0.519501721670581,0.582127528023911,2.46502697358563,0.1790296417843,-0.193120752956159,-0.255587594005679
0,0,2,3,-45.7525154908545,-18.9397740674545,109.881475,0.490606776708251,0.427726602728118,3.04206499041724,0.0323228931806504,-0.301515452695271,0.0232039766202389
0,0,2,4,18.9397740674545,-45.7525154908545,89.903025,1.17112264143134,1.17186395402992,3.85194620905053,-0.130419526738274,0.112694970638283,-0.38842712198423
1,0,2,1,88.434,4.89330896888509e-15,79.9138,1.14999471880154,0.803734947417767,2.18575044687187,0.0571392589293623,0.453103801099677,-0.0694700170344093
1,0,2,2,61.6212585766,-64.6922895583089,99.89225,0.357183660523562,0.350776305974598,1.64143545738232,-0.170618662158852,0.338628236439989,-0.266037687429145
1,0,2,3,42.6814845091455,-18.9397740674545,109.881475,0.501896164004608,0.489295515006031,3.19093163564301,-0.0537650832587089,0.264385380682349,-0.0786652647956978
1,0,2,4,107.373774067454,-45.7525154908545,89.903025,0.392615535158736,0.177818479420669,0.786497373558733,-0.260623289954175,0.259621492497907,-0.188217416280301
2,0,2,1,176.868,4.89330896888509e-15,79.9138,0.0836930223667102,-0.312013447978873,-0.564789864168051,-0.0219819545406471,0.136801087798429,-0.0212744384493996
2,0,2,2,150.0552585766,-64.6922895583089,99.89225,-0.15910773006259,-0.350713577873365,-0.531700948124348,-0.183932436861854,0.194827995436693,-0.124074214609341
2,0,2,3,131.115484509146,-18.9397740674545,109.881475,-0.0800159933664919,-0.325661694293646,0.209482445707581,-0.128952601438025,0.261836571129089,-0.0658983021967499
2,0,2,4,195.807774067454,-45.7525154908545,89.903025,-0.16392708470618,-0.476521588132742,-0.877025889612688,-0.103936184532339,0.0571577570573523,-0.0566917384874187
-2,1,2,1,-176.868,88.434,79.9138,-0.0220628732326352,-0.253654740514805,-0.981014459054074,-0.236350779587532,-0.123152451555154,0.106515982175997
-2,1,2,2,-203.6807414234,23.7417104416911,99.89225,-0.247488055606706,-0.574793545225229,-0.856316407234992,-0.0536304739590608,-0.0576049345744689,0.0785225743507915
-2,1,2,3,-222.620515490854,69.4942259325455,109.881475,-0.405837738601451,-0.662457422148539,-1.0816053916999,-0.0469932411474461,0.00655227491324671,0.0887752687608163
-2,1,2,4,-157.928225932546,42.6814845091455,89.903025,0.0782005846163536,-0.23545858928622,-0.304278738952395,-0.268766936474526,-0.222650111213744,0.126617371310411
-1,1,2,1,-88.434,88.434,79.9138,0.471103681854558,0.554097043306713,0.639331896127432,-0.449492758590818,-0.322620954781362,0.199499701858635
-1,1,2,2,-115.2467414234,23.7417104416911,99.89225,0.292679775044887,0.00323123668880879,0.742461914175852,-0.122280906764744,-0.35591423493145,0.210887670367974
-1,1,2,3,-134.186515490854,69.4942259325455,109.881475,-0.188312634432176,-0.35949040274663,-0.266194455742838,-0.240889393339654,-0.199251613728616,0.188608569110427
-1,1,2,4,-69.4942259325455,42.6814845091455,89.903025,0.952324317978867,0.891989862767949,2.72169397120804,-0.326687230725114,-0.467230309215441,0.410452871804234
0,1,2,1,1.03083297206749e-14,88.434,79.9138,0.789929506193743,1.17138041484557,2.42653464018486,0.0878031759113821,-0.0257532750320304,0.450079384864453
0,1,2,2,-26.8127414234,23.7417104416911,99.89225,0.988589217951023,0.976058240495025,4.48166044221551,0.0193602919665658,-0.264870604235217,0.5215318143517
0,1,2,3,-45.7525154908545,69.4942259325455,109.881475,0.198010600649637,0.296059041457161,1.78403554327033,-0.192565136111174,-0.193785616419731,0.417914051187696
0,1,2,4,18.9397740674545,42.6814845091455,89.903025,1.20287504848893,1.34633801168998,4.66521924505402,0.149169950440779,0.225425524489482,0.714451620630009
1,1,2,1,88.434,88.434,79.9138,0.475624997456809,0.492020641986725,0.81751765485867,0.500218508001635,0.264047520650703,0.255579948589366
1,1,2,2,61.6212585766,23.7417104416911,99.89225,0.706382608184993,0.631300088883651,3.02792620145997,0.221911534713306,0.407896561082639,0.272571879270928
1,1,2,3,42.6814845091455,69.4942259325455,109.881475,0.168821722241712,0.326782190132965,1.99506485184694,0.139792037839002,0.263697281811612,0.453657877184298
1,1,2,4,107.373774067454,42.6814845091455,89.903025,0.420879254051358,0.158033868132191,0.814598201777061,0.21205614472299,0.252855801767546,0.155956513356674
2,1,2,1,176.868,88.434,79.9138,-0.0274213468980243,-0.266780150059083,-0.982324678446408,0.181000672887933,0.0758099732231028,0.0916544429377747
2,1,2,2,150.0552585766,23.7417104416911,99.89225,-0.0624689016868604,-0.341881089405785,-0.21666806487162,0.0743015165894701,0.214443933640154,0.0775578496581519
2,1,2,3,131.115484509146,69.4942259325455,109.881475,-0.192297270516574,-0.36355800757057,-0.164915472624262,0.158280372670786,0.217274710165121,0.161558186097423
2,1,2,4,195.807774067454,42.6814845091455,89.903025,-0.153382159524712,-0.483910090681664,-0.865735805111768,-0.00657370211663781,0.0199242099875388,0.0557233323176239
-2,2,2,1,-176.868,176.868,79.9138,-0.246180886220376,-0.243626217973003,-1.60332474676428,-0.130323884566677,-0.0602356103086237,0.0213149914707421
-2,2,2,2,-203.6807414234,112.175710441691,99.89225,-0.336172446284553,-0.509334943952546,-1.30759913683542,-0.0962287389393938,-0.064217165386769,0.145829437555657
-2,2,2,3,-222.620515490854,157.928225932546,109.881475,-0.50747250892739,-0.58433325581638,-1.60822514828924,-0.0340524709936886,0.0159030538112174,0.0710516625446154
-2,2,2,4,-157.928225932546,131.115484509146,89.903025,-0.201135418453892,-0.265556528532249,-1.13840246810966,-0.28490786972526,-0.182250361024227,0.130928115723233
-1,2,2,1,-88.434,176.868,79.9138,-0.27313961863764,-0.0337977964392227,-0.971324071541606,-0.201801245173032,-0.106305861343211,0.0396074191219066
-1,2,2,2,-115.2467414234,112.175710441691,99.89225,-0.148405696899037,-0.145450649973474,-0.418859515044934,-0.312725589723781,-0.246314399121497,0.236833547955411
-1,2,2,3,-134.186515490854,157.928225932546,109.881475,-0.483616204859368,-0.450414790181645,-1.22469738651845,-0.194134247408506,-0.111249737579761,0.0976975196100999
-1,2,2,4,-69.4942259325455,131.115484509146,89.903025,-0.0267136981501306,0.169379623814698,-0.0144477755404915,-0.319628375404797,-0.248414875636149,0.230312631907496
0,2,2,1,1.57233504724648e-14,176.868,79.9138,-0.324124777953889,0.0707171274767923,-0.481641011340519,0.0087954653740463,-0.00998320508215538,0.0664400144644825
0,2,2,2,-26.8127414234,112.175710441691,99.89225,0.034789381062326,0.3017016952239,0.997202313565235,-0.120561180017754,-0.131380561563638,0.34085821748603
0,2,2,3,-45.7525154908545,157.928225932546,109.881475,-0.489170185897157,-0.230923106850306,-0.470134283889805,-0.137911477185879,-0.0792418107520178,0.159142765574925
0,2,2,4,18.9397740674545,131.115484509146,89.903025,-0.013664552166449,0.299073784173617,0.507614993509912,0.0993573293162221,0.00496624305931735,0.329582319328081
1,2,2,1,88.434,176.868,79.9138,-0.278553245842889,-0.0404944577569587,-0.909802403727034,0.184104981587367,0.0849210786945364,0.0888935546700633
1,2,2,2,61.6212585766,112.175710441691,99.89225,-0.0184615735142446,0.156134017924692,0.602560693639252,0.266108924968102,0.179738199792166,0.357222389578497
1,2,2,3,42.6814845091455,157.928225932546,109.881475,-0.503738896553071,-0.229297194508966,-0.398615359493751,0.0962601616383769,0.0985278078067415,0.201038778166313
1,2,2,4,107.373774067454,131.115484509146,89.903025,-0.137218576170173,-0.087056185931093,-0.603760507346109,0.28653619419789,0.124777595519764,0.181610387415408
2,2,2,1,176.868,176.868,79.9138,-0.25083511521795,-0.243641589210272,-1.59286516667609,0.0826320304341151,0.0448339106569339,0.0354087023501217
2,2,2,2,150.0552585766,112.175710441691,99.89225,-0.258650158993387,-0.361525438919644,-0.897125304646307,0.200126978283764,0.136917436797087,0.1831221524719
2,2,2,3,131.115484509146,157.928225932546,109.881475,-0.498127836884907,-0.452840302229252,-1.16717911622918,0.137295266781178,0.143121856211079,0.128394894496362
2,2,2,4,195.807774067454,131.115484509146,89.903025,-0.268692534494837,-0.401258696346052,-1.42755914973311,0.0310051000590263,-0.0064870245819813,0.0855641541601516
-2,-2,3,1,-176.868,-176.868,119.8707,-0.633738102698963,-0.625672126646768,-1.59363983370927,0.0378061436422193,-0.0452808336010984,-0.0917845212216316
-2,-2,3,2,-203.6807414234,-241.560289558309,139.84915,-0.808755867940848,-0.805310252812677,-1.73698731884231,-0.0267399590374954,-0.0258083959640161,0.045660442778781
-2,-2,3,3,-222.620515490854,-195.807774067454,149.838375,-0.87651122812295,-0.881520301443936,-1.75579564748197,-0.0269387259813887,0.0261355341174873,-0.0249982156404207
-2,-2,3,4,-157.928225932546,-222.620515490854,129.859925,-0.746259077336685,-0.699022222880686,-1.60236209877691,-0.0322258860359016,-0.0973283451804021,-0.00321101854372116
-1,-2,3,1,-88.434,-176.868,119.8707,-0.653551861946243,-0.507331794061305,-0.988759691475374,0.087079804727336,-0.0969174033831289,-0.12057478075789
-1,-2,3,2,-115.2467414234,-241.560289558309,139.84915,-0.851520502836664,-0.737442234971637,-1.33673518875074,-0.0572244582815826,-0.0922564720197757,0.0461679467739961
-1,-2,3,3,-134.186515490854,-195.807774067454,149.838375,-0.902882364631447,-0.84309218714521,-1.48465595260673,0.0061415160532513,-0.0602216272200567,-0.0364933858820099
-1,-2,3,4,-69.4942259325455,-222.620515490854,129.859925,-0.810411593423821,-0.619196721484087,-1.0896724590093,-0.0218306927867197,-0.104261152892978,-0.000724963180651954
0,-2,3,1,-3.49007805025207e-15,-176.868,119.8707,-0.687278612578626,-0.440423688116492,-0.61763650399328,-0.0115643721033579,0.00696681486774144,-0.116857319523249
0,-2,3,2,-26.8127414234,-241.560289558309,139.84915,-0.901005781875716,-0.670504218474094,-0.875879670829183,-0.0231966380257725,-0.0422201133122051,0.056875405637512
0,-2,3,3,-45.7525154908545,-195.807774067454,149.838375,-0.952154143367341,-0.778067285998071,-0.985107941504773,0.00586499661772437,-0.046748852565431,-0.0490350604871772
0,-2,3,4,18.9397740674545,-222.620515490854,129.859925,-0.835737172528112,-0.59705870153964,-0.924512382242018,-0.0152564708856973,0.00873319731169443,0.0106348205900505
1,-2,3,1,88.434,-176.868,119.8707,-0.663724100384647,-0.504866296163482,-1.02972450433011,-0.117449052532105,0.115070845781054,-0.102395771644042
1,-2,3,2,61.6212585766,-241.560289558309,139.84915,-0.875723349750397,-0.690697046749208,-1.00907928611922,0.0291408818846906,0.0583267399934477,0.0708157768320339
1,-2,3,3,42.6814845091455,-195.807774067454,149.838375,-0.948461672578651,-0.772270155662932,-0.969470103386193,-0.0336323865486687,0.0626938618919822,-0.0432898214059631
1,-2,3,4,107.373774067454,-222.620515490854,129.859925,-0.775288756070944,-0.65684403892876,-1.35242718437824,-0.0208130454907382,0.0747406029927318,0.0123291389018696
2,-2,3,1,176.868,-176.868,119.8707,-0.636739618252317,-0.625161542865091,-1.60659276808222,-0.0732441429692966,0.0715254041654585,-0.0880570136136058
2,-2,3,2,150.0552585766,-241.560289558309,139.84915,-0.818773799153399,-0.774400695527984,-1.55092901021734,0.023731759429732,0.0642521369382042,0.0569795204464981
2,-2,3,3,131.115484509146,-195.807774067454,149.838375,-0.899404036379225,-0.834270456040302,-1.45164428385553,-0.0509371681632978,0.100339737958036,-0.0321869555383433
2,-2,3,4,195.807774067454,-222.620515490854,129.859925,-0.729248508125845,-0.726817189882256,-1.75632396029071,-0.029908512263493,0.00783848769771785,0.00124168214749431
-2,-1,3,1,-176.868,-88.434,119.8707,-0.502635142832771,-0.640273094560449,-1.03445344525826,0.0813762330278045,-0.0720793535717988,-0.117711223823078
-2,-1,3,2,-203.6807414234,-153.126289558309,139.84915,-0.787763104489201,-0.81471120793724,-1.60448040346781,0.0150331318544622,-0.00891949585039332,-0.0517979537606368
-2,-1,3,3,-222.620515490854,-107.373774067454,149.838375,-0.821450123607149,-0.920503145205935,-1.37765540901449,-0.0344275700094062,0.0393453471662,-0.0702261238510418
-2,-1,3,4,-157.928225932546,-134.186515490854,129.859925,-0.662039614937106,-0.696057235709572,-1.24337352616303,0.0787998299238594,-0.0990270537748902,-0.104102904856611
-1,-1,3,1,-88.434,-88.434,119.8707,-0.266571635341467,-0.263324286964754,0.332390993881388,0.193671392437536,-0.204690861073752,-0.205359546633741
-1,-1,3,2,-115.2467414234,-153.126289558309,139.84915,-0.786330086621381,-0.717859064724281,-1.08423384098472,0.0944610403262663,-0.0971297932687076,-0.0832835781854734
-1,-1,3,3,-134.186515490854,-107.373774067454,149.838375,-0.782229935974537,-0.822186320725815,-0.899824627429458,0.0774659258315365,-0.0858652021649794,-0.0896191578659656
-1,-1,3,4,-69.4942259325455,-134.186515490854,129.859925,-0.613890957697709,-0.49278938061147,-0.380079402840053,0.107905002830013,-0.143195781245313,-0.178985142703054
0,-1,3,1,1.92494270153778e-15,-88.434,119.8707,-0.106261981164059,-0.036334065051716,1.37366899520245,0.0211987945742109,-0.0067022103818258,-0.268788611411708
0,-1,3,2,-26.8127414234,-153.126289558309,139.84915,-0.793956811119782,-0.619942731514557,-0.493535872430244,0.0431444873766595,-0.0511323142010237,-0.109035731542483
0,-1,3,3,-45.7525154908545,-107.373774067454,149.838375,-0.709953739862268,-0.636532075725468,0.127174111020492,0.0614865313952752,-0.0943023685259935,-0.170253292566678
0,-1,3,4,18.9397740674545,-134.186515490854,129.859925,-0.593634322302774,-0.424779316585352,-0.112688587646422,-0.0675786196721539,0.0272789767401394,-0.186148104436832
1,-1,3,1,88.434,-88.434,119.8707,-0.271214604750472,-0.296956578901758,0.205779364119328,-0.19145313190541,0.256333297028004,-0.247917632130058
1,-1,3,2,61.6212585766,-153.126289558309,139.84915,-0.789834820894652,-0.650425189116356,-0.722380434417152,-0.0827037520399978,0.0889339888946775,-0.100490901464015
1,-1,3,3,42.6814845091455,-107.373774067454,149.838375,-0.690173185615705,-0.625182265450234,0.160200679124103,-0.0836685026956101,0.111264653045633,-0.188776421847429
1,-1,3,4,107.373774067454,-134.186515490854,129.859925,-0.623165760354292,-0.586488977018975,-0.842177401149763,-0.171003992319718,0.129826176955743,-0.142865671853271
2,-1,3,1,176.868,-88.434,119.8707,-0.504799240723813,-0.658258328933895,-1.06053230013341,-0.110617343161141,0.121534710919173,-0.14270250582907
2,-1,3,2,150.0552585766,-153.126289558309,139.84915,-0.783933321930626,-0.773239796067726,-1.39516561501604,-0.0858686345817121,0.0917113987113918,-0.070020586841665
2,-1,3,3,131.115484509146,-107.373774067454,149.838375,-0.764317733277805,-0.80276652957565,-0.831835713244431,-0.133004310100599,0.152685590878917,-0.131505909374244
2,-1,3,4,195.807774067454,-134.186515490854,129.859925,-0.677196690808072,-0.752799340950555,-1.47543513463734,-0.0716038258126711,0.038127068906964,-0.0850833573625961
-2,0,3,1,-176.868,7.33996345332763e-15,119.8707,-0.41906261632788,-0.67182131804133,-0.665495041642906,-0.019476622192161,-0.11856479945028,0.0176589861068319
-2,0,3,2,-203.6807414234,-64.6922895583089,139.84915,-0.701856910092668,-0.87144672625175,-1.12015469148095,0.0187977599235565,-0.0155767055048897,-0.0454237359292227
-2,0,3,3,-222.620515490854,-18.9397740674545,149.838375,-0.766911037592635,-0.976314309464323,-0.986190285203148,-0.0380780259812093,0.0276259813203776,-0.00758413196212124
-2,0,3,4,-157.928225932546,-45.7525154908545,129.859925,-0.498665404825043,-0.691046780607098,-0.542026982196968,0.0287852345760982,-0.13536806417038,-0.0392555635813978
-1,0,3,1,-88.434,7.33996345332763e-15,119.8707,0.028950836249902,-0.104941046029598,1.48632396092953,0.037233482606984,-0.358566510962651,0.103386164617691
-1,0,3,2,-115.2467414234,-64.6922895583089,139.84915,-0.543732955033621,-0.625425093244483,-0.116781228061185,0.121345358547242,-0.175960523380873,-0.0593316452462252
-1,0,3,3,-134.186515490854,-18.9397740674545,149.838375,-0.646850428604701,-0.80476472178235,-0.237527691905362,0.000396170472253859,-0.13735262994415,0.0272974039141917
-1,0,3,4,-69.4942259325455,-45.7525154908545,129.859925,-0.19723336156273,-0.230292684069519,1.33248054721887,0.06384673444099,-0.258476730090243,-0.108648777814264
0,0,3,1,7.33996345332763e-15,7.33996345332763e-15,119.8707,0.333736458227436,0.321248955463123,3.58232533971358,0.0779575784503383,0.0144716065571932,0.219167518258204
0,0,3,2,-26.8127414234,-64.6922895583089,139.84915,-0.3818345976107,-0.349135966820109,1.29158669565176,0.0762592332672716,-0.118390990389849,-0.140519712256841
0,0,3,3,-45.7525154908545,-18.9397740674545,149.838375,-0.435998546654704,-0.462818101001711,1.59854332853782,0.0107011218440339,-0.166697811393021,0.036097905236529
0,0,3,4,18.9397740674545,-45.7525154908545,129.859925,-0.0877132820173243,-0.079099950564641,2.07058920269923,-0.0518128816963003,0.0635807011547255,-0.196565428570086
1,0,3,1,88.434,7.33996345332763e-15,119.8707,0.0109043192202711,-0.156845279055876,1.25069008871093,0.0402611287399398,0.320760243563659,-0.0331123487969678
1,0,3,2,61.6212585766,-64.6922895583089,139.84915,-0.4401078096942,-0.453508287101096,0.805426759639291,-0.0649854531527536,0.197069896946589,-0.184317764150262
1,0,3,3,42.6814845091455,-18.9397740674545,149.838375,-0.425404355420405,-0.441449971529857,1.69807944158205,-0.0260478970260838,0.148281189987275,-0.0344854871350412
1,0,3,4,107.373774067454,-45.7525154908545,129.859925,-0.356321775852563,-0.485570283886661,0.259779228480139,-0.126960036042338,0.20708717909244,-0.141418093656791
2,0,3,1,176.868,7.33996345332763e-15,119.8707,-0.421863972023838,-0.695859290900196,-0.699932027870912,-0.00898511913260223,0.121598450509391,-0.0232587320310689
2,0,3,2,150.0552585766,-64.6922895583089,139.84915,-0.64358335906597,-0.777014918426204,-0.703326821526508,-0.0844012136354432,0.154396488045196,-0.105211348508171
2,0,3,3,131.115484509146,-18.9397740674545,149.838375,-0.635285908750042,-0.790544574673142,-0.130447304709606,-0.061902096685995,0.181451131494791,-0.0534198105441171
2,0,3,4,195.807774067454,-45.7525154908545,129.859925,-0.593288489588927,-0.816074133126937,-0.968374234052286,-0.0661670325823149,0.0523423448076926,-0.0583188566912876
-2,1,3,1,-176.868,88.434,119.8707,-0.495208030313735,-0.65395238141372,-1.05821615464465,-0.122507623817236,-0.116251060019577,0.110258342037398
-2,1,3,2,-203.6807414234,23.7417104416911,139.84915,-0.668950005648501,-0.897626587505894,-0.947948133383417,-0.0263494993035324,-0.0447271575899317,0.0636009375998304
-2,1,3,3,-222.620515490854,69.4942259325455,149.838375,-0.782541326004162,-0.961019272903416,-1.14327294105199,-0.03186582626883,0.00379367483443327,0.0731872072109287
-2,1,3,4,-157.928225932546,42.6814845091455,129.859925,-0.478523657403595,-0.682676866359053,-0.506772181263804,-0.141214584607576,-0.178012066181219,0.112829225287404
-1,1,3,1,-88.434,88.434,119.8707,-0.285520188718537,-0.255492086988955,0.225198888780667,-0.189406553327588,-0.248820005049342,0.223734615821838
-1,1,3,2,-115.2467414234,23.7417104416911,139.84915,-0.446564445769019,-0.607642488607909,0.253191348828669,-0.050581141891747,-0.240502930022747,0.150895062977473
-1,1,3,3,-134.186515490854,69.4942259325455,149.838375,-0.694518989764771,-0.80274083581825,-0.507294404756963,-0.124332329772598,-0.141642780591821,0.145581364490849
-1,1,3,4,-69.4942259325455,42.6814845091455,129.859925,-0.151831482584084,-0.177856208906265,1.49421535968394,-0.128809782553981,-0.274602719840352,0.278673582776917
0,1,3,1,1.27549842051175e-14,88.434,119.8707,-0.162013274949588,0.033817679677765,1.37679842352309,0.045566700488708,0.0125340572696358,0.351175485457451
0,1,3,2,-26.8127414234,23.7417104416911,139.84915,-0.210814308801961,-0.214451834907329,2.30865118071611,0.0111475424698871,-0.130706981855376,0.268618646103765
0,1,3,3,-45.7525154908545,69.4942259325455,149.838375,-0.553800731491563,-0.500475366929131,0.900699816454069,-0.0864423495762062,-0.110955013169464,0.265858200717984
0,1,3,4,18.9397740674545,42.6814845091455,129.859925,-0.0787682516338851,-0.0100091732181323,2.4508286365123,0.0478768303742535,0.129787739063096,0.367822511710441
1,1,3,1,88.434,88.434,119.8707,-0.285591540966662,-0.27218551331115,0.281311455255157,0.23088211906016,0.219438500984254,0.208909135642713
1,1,3,2,61.6212585766,23.7417104416911,139.84915,-0.298607016705501,-0.33674113815094,1.61206665123357,0.0986064055074637,0.241206367715378,0.146336906801353
1,1,3,3,42.6814845091455,69.4942259325455,149.838375,-0.561675914055387,-0.489263505585729,1.02951684708012,0.0578022084888425,0.154669051707819,0.260717904300313
1,1,3,4,107.373774067454,42.6814845091455,129.859925,-0.348259971459011,-0.49034906821754,0.318680059660064,0.0885957240530328,0.205785496804955,0.109197852572968
2,1,3,1,176.868,88.434,119.8707,-0.496397246538766,-0.65984531520093,-1.06070454549397,0.0945276693160123,0.0772230789172361,0.0866871733657803
2,1,3,2,150.0552585766,23.7417104416911,139.84915,-0.588879503239475,-0.773376641370811,-0.432839155230738,0.0442184135124898,0.161770481153509,0.0452052344126109
2,1,3,3,131.115484509146,69.4942259325455,149.838375,-0.695275980383985,-0.802054703160444,-0.41988111084444,0.0726005132155929,0.154784321275485,0.106966343253581
2,1,3,4,195.807774067454,42.6814845091455,129.859925,-0.586444634759919,-0.819706160911335,-0.953377263526069,-0.0166912413857879,0.0249910032440713,0.0512376189230142
-2,2,3,1,-176.868,176.868,119.8707,-0.630978054895548,-0.628136449941322,-1.61257031104329,-0.0747920003789527,-0.0627130703044453,0.0331727919676654
-2,2,3,2,-203.6807414234,112.175710441691,139.84915,-0.731515846191477,-0.847982759925872,-1.34660598331964,-0.0523886866800826,-0.050681602034809,0.117458074047573
-2,2,3,3,-222.620515490854,157.928225932546,149.838375,-0.850683375619772,-0.902348992685529,-1.61947531090431,-0.025296144354598,0.00758177410744825,0.0595942061291416
-2,2,3,4,-157.928225932546,131.115484509146,129.859925,-0.636241031653037,-0.680779824771063,-1.20247952159999,-0.160991994608983,-0.145597485901979,0.11732550383597
-1,2,3,1,-88.434,176.868,119.8707,-0.665479466570245,-0.498770750228248,-1.04109907911204,-0.108845527769911,-0.105302380205619,0.056237434479617
-1,2,3,2,-115.2467414234,112.175710441691,139.84915,-0.658664538058684,-0.658792849965955,-0.612897212930323,-0.155591020399813,-0.17702219191095,0.184469479659477
-1,2,3,3,-134.186515490854,157.928225932546,149.838375,-0.851651503061926,-0.826539701762179,-1.28306658662034,-0.109019196334017,-0.0882103952030763,0.0831192494939049
-1,2,3,4,-69.4942259325455,131.115484509146,129.859925,-0.572268774393349,-0.450280603005005,-0.279254186701168,-0.15983127056547,-0.174497623346986,0.20120043493806
0,2,3,1,1.81700049569073e-14,176.868,119.8707,-0.701291500388609,-0.423987421880719,-0.622952459179171,0.00360443827653309,-0.00273659857215596,0.0857016484366797
0,2,3,2,-26.8127414234,112.175710441691,139.84915,-0.589805192702117,-0.432351573516686,0.417578749349857,-0.0519807587563078,-0.0767564797974474,0.260644994831261
0,2,3,3,-45.7525154908545,157.928225932546,149.838375,-0.871372809785092,-0.700489651886359,-0.640256545932183,-0.0741889914645231,-0.0576518441730297,0.125333108383878
0,2,3,4,18.9397740674545,131.115484509146,129.859925,-0.577469128927496,-0.380012914997661,0.109111873276907,0.0410364448391811,0.0280747340560034,0.25911859362798
1,2,3,1,88.434,176.868,119.8707,-0.668340778136388,-0.499644014775238,-1.00092097699862,0.0970279151819181,0.0954735362049564,0.0854055094155717
1,2,3,2,61.6212585766,112.175710441691,139.84915,-0.607138944422672,-0.501123627157104,0.133363269049931,0.132350191145352,0.135147618299689,0.241737997959486
1,2,3,3,42.6814845091455,157.928225932546,149.838375,-0.879244826507348,-0.69816244557964,-0.59007335063801,0.0449416120138094,0.0730244862541452,0.14231754799321
1,2,3,4,107.373774067454,131.115484509146,129.859925,-0.624923080040352,-0.585787905624062,-0.756525050460004,0.134674788313017,0.118400726254336,0.155038883662901
2,2,3,1,176.868,176.868,119.8707,-0.633344634339065,-0.627555142174436,-1.60400413889164,0.0419428419593346,0.0495914383099216,0.0405126042711734
2,2,3,2,150.0552585766,112.175710441691,139.84915,-0.700020353899421,-0.764769344139013,-1.00106902702655,0.106500791426585,0.10613295232033,0.135409380474499
2,2,3,3,131.115484509146,157.928225932546,149.838375,-0.858928675263686,-0.826328529130097,-1.23239762644392,0.0672915079922815,0.10439793966891,0.0930710301835747
2,2,3,4,195.807774067454,131.115484509146,129.859925,-0.667681229901629,-0.758082237526725,-1.45219538113202,0.00431844951409768,0.00255350665537239,0.0819727632399583
-2,-2,4,1,-176.868,-176.868,159.8276,-0.940761857176219,-0.934371106349316,-1.61356264495519,0.0224315855874371,-0.0323807119217163,-0.0603291341406192
-2,-2,4,2,-203.6807414234,-241.560289558309,179.80605,-1.04762369895358,-1.0436205964879,-1.7414794552855,-0.0144884038666749,-0.0174470666084615,0.0256481990769866
-2,-2,4,3,-222.620515490854,-195.807774067454,189.795275,-1.07972347947456,-1.08382306798953,-1.75977929043053,-0.0121499243991026,0.011720032152874,-0.0142728084087226
-2,-2,4,4,-157.928225932546,-222.620515490854,169.816825,-1.01439087454452,-0.979962143220933,-1.61900939678558,-0.0183479191039135,-0.063656495729117,-0.0013470886911292
-1,-2,4,1,-88.434,-176.868,159.8276,-0.968145812424851,-0.861453257028253,-1.08208240825044,0.0491923908181762,-0.0717371535323758,-0.0760246735896306
-1,-2,4,2,-115.2467414234,-241.560289558309,179.80605,-1.08410343921266,-0.998691499238305,-1.37279182324233,-0.0324635953057796,-0.0603062512186674,0.0259844449223151
-1,-2,4,3,-134.186515490854,-195.807774067454,189.795275,-1.10469704026007,-1.05681069060453,-1.5094600810642,0.00687760775503183,-0.042321673421285,-0.0195786497255788
-1,-2,4,4,-69.4942259325455,-222.620515490854,169.816825,-1.06547373662679,-0.925154533697302,-1.15364928133661,-0.0114099924762288,-0.0690545561594942,0.000435602377444375
0,-2,4,1,-1.04342356580953e-15,-176.868,159.8276,-0.994523575234658,-0.8196380778681,-0.754608311299258,-0.00443821933681265,0.000685693951626734,-0.0782249106258203
0,-2,4,2,-26.8127414234,-241.560289558309,179.80605,-1.1224272786775,-0.951679296940253,-0.953340230982022,-0.0114603031366987,-0.028749030047332,0.0291581389267685
0,-2,4,3,-45.7525154908545,-195.807774067454,189.795275,-1.14710063124228,-1.00978382309889,-1.05426282999808,0.00685571248005023,-0.0366322135171633,-0.0280150150495277
0,-2,4,4,18.9397740674545,-222.620515490854,169.816825,-1.08395709840851,-0.908986276138681,-1.00367266119911,-0.00813645302961954,0.00897351312969922,0.00720678769793682
1,-2,4,1,88.434,-176.868,159.8276,-0.974079080225458,-0.862088618804521,-1.10848524497295,-0.0622836053382587,0.0816553941226164,-0.0720841205820784
1,-2,4,2,61.6212585766,-241.560289558309,179.80605,-1.10417633704311,-0.965500321006867,-1.07716748642237,0.0198844992069119,0.0350615653079767,0.0343293816708274
1,-2,4,3,42.6814845091455,-195.807774067454,189.795275,-1.14458110028644,-1.00613067129032,-1.03662794498252,-0.0141837609427955,0.0281978374150404,-0.0265168651349269
1,-2,4,4,107.373774067454,-222.620515490854,169.816825,-1.03949334556255,-0.951901261546003,-1.38912102980598,-0.0124062289330845,0.0568789915657416,0.00649181734590187
2,-2,4,1,176.868,-176.868,159.8276,-0.942997239762971,-0.935161702244077,-1.62331463694583,-0.0403951550149172,0.0538026703088794,-0.0611744859877561
2,-2,4,2,150.0552585766,-241.560289558309,179.80605,-1.05802932148554,-1.02263183915464,-1.56991499370775,0.0166429684221554,0.0396403603951618,0.02903518444185
2,-2,4,3,131.115484509146,-195.807774067454,189.795275,-1.10186071575937,-1.05144917242782,-1.47825425898026,-0.0249158239637338,0.0546143882264968,-0.0202361275444332
2,-2,4,4,195.807774067454,-222.620515490854,169.816825,-1.00046251585091,-0.997948194374841,-1.75881866183812,-0.0183008531264472,0.0108312989700244,0.000171160510575258
-2,-1,4,1,-176.868,-88.434,159.8276,-0.86069255376954,-0.960752320800925,-1.11690962760525,0.0465791754125809,-0.0488302270466952,-0.0740918585640028
-2,-1,4,2,-203.6807414234,-153.126289558309,179.80605,-1.03337302649282,-1.05562241983227,-1.62099788882011,0.010142791135865,-0.00388313374849054,-0.0373545921127973
-2,-1,4,3,-222.620515490854,-107.373774067454,189.795275,-1.04060315374341,-1.1192414563372,-1.40539128243993,-0.0163729690674567,0.0212827073802321,-0.0386508570655669
-2,-1,4,4,-157.928225932546,-134.186515490854,169.816825,-0.964396637960726,-0.990239062612516,-1.30238496791007,0.042737123642835,-0.0611404767693084,-0.0641773904813946
-1,-1,4,1,-88.434,-88.434,159.8276,-0.768178741079715,-0.769000416683561,-0.0748827062345451,0.101278854084683,-0.134806647105633,-0.109117038521283
-1,-1,4,2,-115.2467414234,-153.126289558309,179.80605,-1.04651314781436,-0.996265891133453,-1.16373857630582,0.0521464381337142,-0.0626381646258989,-0.0497575772432033
-1,-1,4,3,-134.186515490854,-107.373774067454,189.795275,-1.03084433395135,-1.05890739698922,-0.99348954056681,0.0471282061269559,-0.052887986823668,-0.0389534647225819
-1,-1,4,4,-69.4942259325455,-134.186515490854,169.816825,-0.960003475584044,-0.876768884314316,-0.586963468515653,0.0562811295104458,-0.0892763884466268,-0.104031728265292
0,-1,4,1,4.37159718598032e-15,-88.434,159.8276,-0.714470467344852,-0.660753353781901,0.643795363583593,0.0103468749332791,-0.00465809579557753,-0.154191022318484
0,-1,4,2,-26.8127414234,-153.126289558309,179.80605,-1.06396862208607,-0.936496935258124,-0.653544047952598,0.0230092672080189,-0.0375770221138265,-0.0681339610030058
0,-1,4,3,-45.7525154908545,-107.373774067454,189.795275,-1.01037553275303,-0.95075324402839,-0.167744717247757,0.0347959596888794,-0.0611386198852524,-0.0783589461962973
0,-1,4,4,18.9397740674545,-134.186515490854,169.816825,-0.956209516186806,-0.8400095681326,-0.362568997970446,-0.033651008472725,0.0157041902386939,-0.118992231694548
1,-1,4,1,88.434,-88.434,159.8276,-0.77362975931285,-0.788243454319968,-0.145613356263707,-0.0921208919457258,0.15664162539141,-0.158978417917733
1,-1,4,2,61.6212585766,-153.126289558309,179.80605,-1.05644315069642,-0.956357334218052,-0.8369744313236,-0.0412228744144975,0.0484572444308752,-0.0705242404710273
1,-1,4,3,42.6814845091455,-107.373774067454,189.795275,-1.00002111687533,-0.945180183629917,-0.129593291678385,-0.0425991489571172,0.0441948520104729,-0.103206137010609
1,-1,4,4,107.373774067454,-134.186515490854,169.816825,-0.956583355323353,-0.930584423182028,-0.961496606258398,-0.0906786341541582,0.0866947509536144,-0.0992694399210554
2,-1,4,1,176.868,-88.434,159.8276,-0.862342141977142,-0.97124742063516,-1.13748795210002,-0.0572290955049083,0.0866271311359396,-0.101001980876084
2,-1,4,2,150.0552585766,-153.126289558309,179.80605,-1.03708825825964,-1.03124901637222,-1.42993386147088,-0.0445040933104513,0.0586046426511823,-0.0536431877474395
2,-1,4,3,131.115484509146,-107.373774067454,189.795275,-1.01982858539613,-1.05028789347928,-0.931307418077829,-0.0712516153797308,0.0790823440404999,-0.079478035468097
2,-1,4,4,195.807774067454,-134.186515490854,169.816825,-0.96717031764075,-1.02316403443872,-1.50336456783653,-0.0406225734089398,0.0321891685670462,-0.0612286050168741
-2,0,4,1,-176.868,9.78661793777017e-15,159.8276,-0.809730054157876,-0.988085239621815,-0.794783136195565,-0.00477764349746934,-0.0810717450419814,0.0254999777897767
-2,0,4,2,-203.6807414234,-64.6922895583089,179.80605,-0.975316683797207,-1.10319837243071,-1.17612074491403,0.0127462391607746,-0.00587947686258544,-0.0300184022340648
-2,0,4,3,-222.620515490854,-18.9397740674545,189.795275,-1.00136741609111,-1.16182316619306,-1.04015190050821,-0.0188361027167604,0.0132831274079793,-0.00115595204984425
-2,0,4,4,-157.928225932546,-45.7525154908545,169.816825,-0.86846151188486,-1.00469343209301,-0.70256049850402,0.0150554886427805,-0.0813628736109647,-0.0150857384295579
-1,0,4,1,-88.434,9.78661793777017e-15,159.8276,-0.633918377653809,-0.716086245624071,0.695621078060446,0.0226508933597965,-0.201643986915099,0.0846033574916461
-1,0,4,2,-115.2467414234,-64.6922895583089,179.80605,-0.910839000475128,-0.970251115382266,-0.373152615960783,0.0629915672046946,-0.101862416182628,-0.0237306399182541
-1,0,4,3,-134.186515490854,-18.9397740674545,189.795275,-0.952110005057144,-1.06247348266361,-0.432194113818652,0.00275111160357058,-0.074121726671271,0.0366941737989485
-1,0,4,4,-69.4942259325455,-45.7525154908545,169.816825,-0.752642128866487,-0.779066189167777,0.634487410156699,0.0320669313772774,-0.139447088871985,-0.0396923625542523
0,0,4,1,9.78661793777017e-15,9.78661793777017e-15,159.8276,-0.530098947277311,-0.537639743929946,1.87928275222581,0.0296542113751608,0.0103076183727733,0.102914179129397
0,0,4,2,-26.8127414234,-64.6922895583089,179.80605,-0.851380683368265,-0.829574108761431,0.648751088526354,0.0340040524488435,-0.0660466025852736,-0.0675037291443223
0,0,4,3,-45.7525154908545,-18.9397740674545,189.795275,-0.866232619865515,-0.880801067672688,0.890077491449692,0.006015683604754,-0.0810975736529473,0.037396289631023
0,0,4,4,18.9397740674545,-45.7525154908545,169.816825,-0.717569764881257,-0.708727106325805,1.11013502060683,-0.0238233060152012,0.0371175761837162,-0.0992280345845972
1,0,4,1,88.434,9.78661793777017e-15,159.8276,-0.640499111582806,-0.734226952918661,0.591577959419687,0.0187339006738044,0.194524942351682,-0.0206322563085585
1,0,4,2,61.6212585766,-64.6922895583089,179.80605,-0.872894792562188,-0.882043838257738,0.311205307355223,-0.0326731952684526,0.0989828092029312,-0.11314924294875
1,0,4,3,42.6814845091455,-18.9397740674545,189.795275,-0.85622839215385,-0.872533964940816,0.976856922035765,-0.0138125325235004,0.062610640304355,-0.0250340840382926
1,0,4,4,107.373774067454,-45.7525154908545,169.816825,-0.816868714061788,-0.89927203060807,-0.0948585704800935,-0.0641392978305805,0.131179923082574,-0.0975956175932756
2,0,4,1,176.868,9.78661793777017e-15,159.8276,-0.81089957160551,-0.999372245821958,-0.81811253323963,-0.00251540582060943,0.0868695408772109,-0.0181976872919021
2,0,4,2,150.0552585766,-64.6922895583089,179.80605,-0.95203734949229,-1.05151843622427,-0.828703611678969,-0.0419860511020581,0.0959047658321874,-0.078193842019994
2,0,4,3,131.115484509146,-18.9397740674545,189.795275,-0.940977467982151,-1.05450448998481,-0.331488333534276,-0.030200281761152,0.0900827792367318,-0.0430429290630247
2,0,4,4,195.807774067454,-45.7525154908545,169.816825,-0.910698522596427,-1.07179426801306,-1.04277947115314,-0.0373706487174147,0.0420951219080588,-0.0437777061147197
-2,1,4,1,-176.868,88.434,159.8276,-0.858312050475101,-0.968931645555917,-1.13351341984329,-0.0601733481789299,-0.081777441031082,0.0905491128723521
-2,1,4,2,-203.6807414234,23.7417104416911,179.80605,-0.953071560408967,-1.12126759239172,-1.01827534977655,-0.0123505030461953,-0.0245553111524968,0.0418089403071073
-2,1,4,3,-222.620515490854,69.4942259325455,189.795275,-1.01437108947417,-1.14766282466315,-1.18455422246605,-0.0159198545811405,-0.00227373622109176,0.0449624926322483
-2,1,4,4,-157.928225932546,42.6814845091455,169.816825,-0.85815737680238,-0.999173498191861,-0.668916889497679,-0.0716441726744619,-0.104246514226652,0.0843522004273484
-1,1,4,1,-88.434,88.434,159.8276,-0.778897483815323,-0.769361268315531,-0.126284973748646,-0.0855704586047555,-0.14943624680445,0.169204752901717
-1,1,4,2,-115.2467414234,23.7417104416911,179.80605,-0.86125218092295,-0.964060395167794,-0.0734187906636719,-0.026092868151557,-0.130337962115727,0.0982842985946126
-1,1,4,3,-134.186515490854,69.4942259325455,189.795275,-0.98030147598924,-1.05689371186625,-0.656321915217451,-0.0672665818214984,-0.0765822715486019,0.0955145367791377
-1,1,4,4,-69.4942259325455,42.6814845091455,169.816825,-0.734594229976094,-0.755661720537275,0.739186030303698,-0.05896714943893,-0.13832097841973,0.168299949600239
0,1,4,1,1.520163868956e-14,88.434,159.8276,-0.735472599931025,-0.632026930484068,0.656281676970588,0.0200899879159335,0.0189021915324308,0.217440797810184
0,1,4,2,-26.8127414234,23.7417104416911,179.80605,-0.773289778000021,-0.772491829782705,1.26752672489338,0.00126735357720809,-0.0609828857594643,0.128897440728955
0,1,4,3,-45.7525154908545,69.4942259325455,189.795275,-0.925159095351463,-0.892191210679635,0.430676056816611,-0.0433723832072376,-0.0534360043513551,0.144396385472071
0,1,4,4,18.9397740674545,42.6814845091455,169.816825,-0.712954136031924,-0.68001560503532,1.29851239402567,0.016086269244344,0.0724946068567677,0.174601559031457
1,1,4,1,88.434,88.434,159.8276,-0.778928033298719,-0.77104180839223,-0.107344596317538,0.10845456519473,0.144385438162731,0.12958534821733
1,1,4,2,61.6212585766,23.7417104416911,179.80605,-0.804462401385843,-0.829859332220337,0.846948267872821,0.0441418435973725,0.12622478515482,0.0529914615382989
1,1,4,3,42.6814845091455,69.4942259325455,189.795275,-0.923455982955641,-0.885941171204744,0.518582276153815,0.0314209886481704,0.0714212337068331,0.117496839508555
1,1,4,4,107.373774067454,42.6814845091455,169.816825,-0.814087605879573,-0.896817035680515,-0.0397441361059556,0.0400905755797933,0.134016957415564,0.0530954831003347
2,1,4,1,176.868,88.434,159.8276,-0.85829508284341,-0.969915859352357,-1.13316182323114,0.0490090566439641,0.0570977556965026,0.0641936757527525
2,1,4,2,150.0552585766,23.7417104416911,179.80605,-0.919144982957342,-1.05103022101749,-0.593967750766988,0.0263424243987969,0.0985445075042463,0.0114464419975612
2,1,4,3,131.115484509146,69.4942259325455,189.795275,-0.975764616468613,-1.05206619199391,-0.575528552746356,0.0432808872724809,0.0777278512300893,0.0465059791039094
2,1,4,4,195.807774067454,42.6814845091455,169.816825,-0.906445180643627,-1.07229856042793,-1.02545078898295,-0.0119103231323,0.0240866390252568,0.0329077552012921
-2,2,4,1,-176.868,176.868,159.8276,-0.939969111716718,-0.936675284382225,-1.62618777128069,-0.039358228910266,-0.0474975569970963,0.0324499250694135
-2,2,4,2,-203.6807414234,112.175710441691,179.80605,-0.996892817057434,-1.08036786745157,-1.37971552881446,-0.0285258577900002,-0.0317666833990528,0.0742215097923695
-2,2,4,3,-222.620515490854,157.928225932546,189.795275,-1.06286962628501,-1.0994714296852,-1.62923693037105,-0.0117928328194172,-0.0013502227044318,0.0353400458389747
-2,2,4,4,-157.928225932546,131.115484509146,169.816825,-0.949779135429888,-0.981224923629388,-1.26087008973496,-0.087123461105176,-0.0909223987218764,0.0824932326180679
-1,2,4,1,-88.434,176.868,159.8276,-0.974668270281599,-0.858265627953081,-1.11259857746781,-0.0550339048303627,-0.0762432971210779,0.0503124592019877
-1,2,4,2,-115.2467414234,112.175710441691,179.80605,-0.974545948601769,-0.974043361717518,-0.755777196309696,-0.0839922027334058,-0.101725283276703,0.113591814665413
-1,2,4,3,-134.186515490854,157.928225932546,189.795275,-1.07404802295957,-1.0529800376697,-1.32498974370994,-0.0606666747681097,-0.0559680692304385,0.0512672140039878
-1,2,4,4,-69.4942259325455,131.115484509146,169.816825,-0.938011657246348,-0.853548352529962,-0.49478767787133,-0.0810665923770959,-0.0984800906371295,0.135087699257718
0,2,4,1,2.06166594413499e-14,176.868,159.8276,-1.00213854568521,-0.810219852017057,-0.755574810045861,0.00218617609867077,0.0016412853109713,0.0686134449951727
0,2,4,2,-26.8127414234,112.175710441691,179.80605,-0.954680000160496,-0.849681895895654,0.0490841838025451,-0.0271479355501968,-0.0380547226648018,0.143715239853603
0,2,4,3,-45.7525154908545,157.928225932546,189.795275,-1.09841561593475,-0.973145378306992,-0.754987877770729,-0.0382705054628594,-0.0367066730370294,0.070835428696037
0,2,4,4,18.9397740674545,131.115484509146,169.816825,-0.94811675047514,-0.815358811428345,-0.205373884201719,0.0188394829768415,0.0300973725038803,0.157827769339636
1,2,4,1,88.434,176.868,159.8276,-0.976186748163525,-0.857636816440797,-1.08815958017767,0.0496467276297532,0.0734611665181712,0.0611725359045798
1,2,4,2,61.6212585766,112.175710441691,179.80605,-0.957500377274686,-0.884794981152064,-0.174379689120005,0.0703377272867467,0.0795435853603974,0.121249637726647
1,2,4,3,42.6814845091455,157.928225932546,189.795275,-1.10074502858299,-0.970090003594952,-0.716447363765296,0.0297552691704516,0.0367656463113116,0.0733497048297717
1,2,4,4,107.373774067454,131.115484509146,169.816825,-0.957051538380739,-0.925919989997347,-0.886687995637248,0.0669254294247673,0.0851312872342753,0.0962267021950032
2,2,4,1,176.868,176.868,159.8276,-0.941059504231708,-0.935793857492028,-1.61945878058826,0.0215544398870662,0.0380824147671479,0.0335845264326278
2,2,4,2,150.0552585766,112.175710441691,179.80605,-0.985871580147746,-1.03039682096636,-1.08223899991028,0.0609675970745582,0.0641484272139721,0.0734357429680137
2,2,4,3,131.115484509146,157.928225932546,189.795275,-1.07549305358471,-1.04971764089112,-1.27974806212734,0.0432372581113587,0.0545696902545729,0.0483262005640626
2,2,4,4,195.807774067454,131.115484509146,169.816825,-0.961386525047389,-1.02401127870602,-1.47610125308966,-0.000453875963418404,0.00705020354634605,0.0563831988243836
-2,-2,5,1,-176.868,-176.868,199.7845,-1.1083170440498,-1.10297622039852,-1.62792059579468,0.0184004569556262,-0.012929085246309,-0.0249261862023109
-2,-2,5,2,-203.6807414234,-241.560289558309,219.76295,-1.13175772460551,-1.12766611263197,-1.74385542186149,-0.0076061662575254,-0.0071114913377288,0.00492929935704523
-2,-2,5,3,-222.620515490854,-195.807774067454,229.752175,-1.12255545520716,-1.12567664568702,-1.76116271747711,0.0035106887490427,-0.000762715956392568,-0.00194523004071095
-2,-2,5,4,-157.928225932546,-222.620515490854,209.773725,-1.1390945508316,-1.10804189572604,-1.62973756071302,-0.00321362755898446,-0.0261550387797953,-0.00107806013442431
-1,-2,5,1,-88.434,-176.868,199.7845,-1.13894189956385,-1.0503990215036,-1.13785054050168,0.0351869804090552,-0.0357288818445987,-0.0271391902957774
-1,-2,5,2,-115.2467414234,-241.560289558309,219.76295,-1.16597739235521,-1.0900158377944,-1.38691903469997,-0.0218380493406286,-0.0220143425822522,-0.000221529466529246
-1,-2,5,3,-134.186515490854,-195.807774067454,229.752175,-1.14702093582749,-1.10030742156347,-1.51677598629987,0.0191591738676738,-0.0205721991772823,-0.00353139929340752
-1,-2,5,4,-69.4942259325455,-222.620515490854,209.773725,-1.18492196136039,-1.06389164025666,-1.1891052933336,0.00139041436683625,-0.0301135172487207,-0.00207562396402262
0,-2,5,1,1.40323091863302e-15,-176.868,199.7845,-1.16216383703054,-1.01963228472923,-0.83426194433244,0.000228366007624287,-0.00313178578115278,-0.0290900208491935
0,-2,5,2,-26.8127414234,-241.560289558309,219.76295,-1.20100441907899,-1.04981554335439,-0.982796202857444,-0.00453071171401459,-0.0158324919498132,-0.00941601081026045
0,-2,5,3,-45.7525154908545,-195.807774067454,229.752175,-1.18908257426261,-1.05621509291997,-1.07533411861616,0.0178819899727749,-0.0254104370496643,-0.00902614824113677
0,-2,5,4,18.9397740674545,-222.620515490854,209.773725,-1.2000525057081,-1.05103472880724,-1.04702774118087,0.00350799594886517,0.0069591976507821,-0.000289481142808948
1,-2,5,1,88.434,-176.868,199.7845,-1.14146099073728,-1.0516590288226,-1.1563540695066,-0.0368580519940312,0.0392288966021009,-0.0329808658052108
1,-2,5,2,61.6212585766,-241.560289558309,219.76295,-1.1848538045246,-1.06150348560654,-1.10285766911168,0.0210956441188393,0.00252905463694431,-0.00741065633136711
1,-2,5,3,42.6814845091455,-195.807774067454,229.752175,-1.18776818206586,-1.05300655155159,-1.05720233159732,0.000715081103905085,-0.00636414333032945,-0.0102669823414829
1,-2,5,4,107.373774067454,-222.620515490854,209.773725,-1.16098015243902,-1.08645239798476,-1.40983034839322,0.000503871468869119,0.0317747160601707,-0.000313854709008151
2,-2,5,1,176.868,-176.868,199.7845,-1.10938427720538,-1.10406779568331,-1.63521508501329,-0.0235583558028101,0.0299494346721396,-0.0297174663213418
2,-2,5,2,150.0552585766,-241.560289558309,219.76295,-1.14215062211332,-1.10985978383783,-1.57765485788645,0.0179964528352442,0.0085520264668783,0.000601786811532721
2,-2,5,3,131.115484509146,-195.807774067454,229.752175,-1.14546267413259,-1.09580941611514,-1.48720930070649,-0.0078320898666727,0.0082872987953731,-0.00719223653600671
2,-2,5,4,195.807774067454,-222.620515490854,209.773725,-1.12567664568702,-1.12255545520715,-1.76116271747712,-0.00351068874904609,0.0108330804322474,-0.00118358444633204
-2,-1,5,1,-176.868,-88.434,199.7845,-1.05123173981655,-1.13397405700184,-1.16921666927328,0.0328398965073925,-0.0176770892737274,-0.0238750810129605
-2,-1,5,2,-203.6807414234,-153.126289558309,219.76295,-1.11969391466264,-1.14024763139008,-1.62771730191236,0.0115682018376309,0.00468576907647796,-0.0187648757555187
-2,-1,5,3,-222.620515490854,-107.373774067454,229.752175,-1.08645239798476,-1.16098015243902,-1.40983034839321,-0.000503871468869198,0.00556399652931604,-0.000455120723378376
-2,-1,5,4,-157.928225932546,-134.186515490854,209.773725,-1.10041424347268,-1.121793678813,-1.33287265514578,0.0393403005809117,-0.015815263466526,-0.0198793563031186
-1,-1,5,1,-88.434,-88.434,199.7845,-1.0146461227243,-1.01420933616908,-0.292131843905051,0.0626557685580921,-0.0625528169523092,-0.0246893030057919
-1,-1,5,2,-115.2467414234,-153.126289558309,219.76295,-1.13659337026434,-1.0922484163327,-1.19279231021493,0.0415785590196251,-0.0205725875563098,-0.0163895324540203
-1,-1,5,3,-134.186515490854,-107.373774067454,229.752175,-1.08150757412071,-1.1050450205193,-1.01634143436695,0.0530041177330377,-0.0139351120580477,0.0126401909657011
-1,-1,5,4,-69.4942259325455,-134.186515490854,209.773725,-1.10965713797422,-1.04061937589174,-0.684619527931442,0.0464326697637777,-0.0337731977053293,-0.0367516694949225
0,-1,5,1,6.81825167042287e-15,-88.434,199.7845,-0.996561811091923,-0.945411521855838,0.295394795423463,0.00377442238388698,-0.00509926090017698,-0.05516433698811
0,-1,5,2,-26.8127414234,-153.126289558309,219.76295,-1.15653290708402,-1.04406653067724,-0.710426549658311,0.0173327253675218,-0.0225352806577625,-0.0251610706866599
0,-1,5,3,-45.7525154908545,-107.373774067454,229.752175,-1.0717660886163,-1.0099418806573,-0.24110777938267,0.0374180634560999,-0.03150280727605,-0.00367794561101735
0,-1,5,4,18.9397740674545,-134.186515490854,209.773725,-1.11338002723279,-1.01534181587526,-0.475622602841618,-0.0138655943029343,0.00752257842812918,-0.0537754624260494
1,-1,5,1,88.434,-88.434,199.7845,-1.01779628893198,-1.02380923702806,-0.329231300472874,-0.0564540693936803,0.0740709605220661,-0.0795232286484629
1,-1,5,2,61.6212585766,-153.126289558309,219.76295,-1.14815384307015,-1.06049117201545,-0.87931537798371,-0.0287710453938022,0.00728735246938229,-0.0368761442163828
1,-1,5,3,42.6814845091455,-107.373774067454,229.752175,-1.06582732308732,-1.0070883540888,-0.195921824454115,-0.0292632551284587,-0.0105195264993527,-0.0319701384217277
1,-1,5,4,107.373774067454,-134.186515490854,209.773725,-1.1050450205193,-1.08150757412071,-1.01634143436696,-0.053004117733039,0.0432988425807081,-0.0518868300448224
2,-1,5,1,176.868,-88.434,199.7845,-1.05240924242848,-1.13951117544508,-1.18203549384905,-0.0345316224879662,0.0495091082207839,-0.0531628611844888
2,-1,5,2,150.0552585766,-153.126289558309,219.76295,-1.1253211345013,-1.12089346170727,-1.44352152370959,-0.0306451481689776,0.0209936233928717,-0.0331532702160833
2,-1,5,3,131.115484509146,-107.373774067454,229.752175,-1.07425235253647,-1.10221698801021,-0.950987661005199,-0.0506983568123421,0.00881436986327016,-0.029852380036085
2,-1,5,4,195.807774067454,-134.186515490854,209.773725,-1.10030742156348,-1.14702093582749,-1.51677598629988,-0.0191591738676757,0.0255300210145994,-0.0279270356029594
-2,0,5,1,-176.868,1.22332724222127e-14,199.7845,-1.01599556429228,-1.15934803754864,-0.875382275222577,-0.00031017636648518,-0.0351146022391157,0.0342284509472457
-2,0,5,2,-203.6807414234,-64.6922895583089,219.76295,-1.0706977521052,-1.18484355863729,-1.19723912256806,0.0122383175422668,0.00823050636223477,-0.0102748845114883
-2,0,5,3,-222.620515490854,-18.9397740674545,229.752175,-1.05103472880724,-1.20005250570811,-1.04702774118088,-0.00350799594886283,-0.000446368002166382,0.00910172303201129
-2,0,5,4,-157.928225932546,-45.7525154908545,209.773725,-1.02977924081606,-1.14443099979654,-0.778711601192052,0.0198107911466914,-0.0124359062240993,0.0143355664811673
-1,0,5,1,-88.434,1.22332724222127e-14,199.7845,-0.93549410635519,-0.998045628328292,0.303714197004483,0.0102765742705642,-0.0840764254425916,0.0747689601935467
-1,0,5,2,-115.2467414234,-64.6922895583089,219.76295,-1.03153444818447,-1.08373248323422,-0.461282917793792,0.0463346535220648,-0.0290401699920622,0.0121842715568547
-1,0,5,3,-134.186515490854,-18.9397740674545,229.752175,-1.01534181587526,-1.11338002723279,-0.475622602841625,0.0138655943029334,-0.00725000824206529,0.0514330479454012
-1,0,5,4,-69.4942259325455,-45.7525154908545,209.773725,-0.97026581674418,-0.995879929495883,0.343469769272673,0.0277421356408093,-0.0366487105367153,0.00824186013842402
0,0,5,1,1.22332724222127e-14,1.22332724222127e-14,199.7845,-0.89063914420649,-0.895245804353525,1.16927328558506,0.00879212262742392,0.00991763818909371,0.0500541072914749
0,0,5,2,-26.8127414234,-64.6922895583089,219.76295,-0.997805057391154,-0.978748238325368,0.443586094415888,0.0180708130491891,-0.0283428785666429,-0.0145600516765999
0,0,5,3,-45.7525154908545,-18.9397740674545,229.752175,-0.948751656812119,-0.95871886022659,0.741125945541449,0.0109903995573918,-0.0205018857335279,0.0410340044268382
0,0,5,4,18.9397740674545,-45.7525154908545,209.773725,-0.958718860226599,-0.948751656812122,0.741125945541442,-0.0109903995573958,0.0203550756060438,-0.0500596550548423
1,0,5,1,88.434,1.22332724222127e-14,199.7845,-0.937157974500372,-1.00243417439738,0.274221248328982,0.00588521729557578,0.0960013228201695,-0.0231917171744967
1,0,5,2,61.6212585766,-64.6922895583089,219.76295,-1.01013101188207,-1.01755221780916,0.149422841717713,-0.0325059022373511,0.0279523295230403,-0.0661612923489781
1,0,5,3,42.6814845091455,-18.9397740674545,229.752175,-0.934538834737479,-0.954291131468862,0.851127064553514,-0.0095758106183637,-0.0122261780964114,-0.0337992032446255
1,0,5,4,107.373774067454,-45.7525154908545,209.773725,-1.00994188065731,-1.0717660886163,-0.241107779382699,-0.0374180634561023,0.0602163125172457,-0.0655065662127343
2,0,5,1,176.868,1.22332724222127e-14,199.7845,-1.01631229068961,-1.16252758289459,-0.883381339413354,-0.000759309229923855,0.0484786070375816,-0.0116682254621686
2,0,5,2,150.0552585766,-64.6922895583089,219.76295,-1.05691510171882,-1.14540034661863,-0.87419090435911,-0.0337752452353359,0.0389834771363186,-0.0532632726828477
2,0,5,3,131.115484509146,-18.9397740674545,229.752175,-1.00052311230362,-1.10745447557814,-0.358956909238515,-0.0171601326596454,-0.00208767509795911,-0.0391216489648756
2,0,5,4,195.807774067454,-45.7525154908545,209.773725,-1.05621509291997,-1.18908257426261,-1.07533411861618,-0.017881989972773,0.0321784257492933,-0.0230855865163422
-2,1,5,1,-176.868,88.434,199.7845,-1.05131619120813,-1.13876858486208,-1.18029132012051,-0.0351065772517974,-0.0405877642212482,0.0628871541267849
-2,1,5,2,-203.6807414234,23.7417104416911,219.76295,-1.05201240704458,-1.20036241804459,-1.04451639263226,-0.00795752831366887,-0.00303165108357103,0.0194849084008651
-2,1,5,3,-222.620515490854,69.4942259325455,229.752175,-1.06389164025667,-1.1849219613604,-1.18910529333362,-0.00139041436683639,-0.0104523527399256,0.0121568315881824
-2,1,5,4,-157.928225932546,42.6814845091455,209.773725,-1.02447082660021,-1.14256078445587,-0.744930361013423,-0.0386606661249238,-0.0241120173497372,0.0536145567364893
-1,1,5,1,-88.434,88.434,199.7845,-1.01915314262864,-1.01841902678419,-0.32182926384641,-0.0518812747472586,-0.0647055697951614,0.102107826937315
-1,1,5,2,-115.2467414234,23.7417104416911,219.76295,-0.994567153345545,-1.0807459102685,-0.185891411109659,-0.0211545892535515,-0.035692851939917,0.0563416299141625
-1,1,5,3,-134.186515490854,69.4942259325455,229.752175,-1.04061937589175,-1.10965713797423,-0.684619527931471,-0.0464326697637751,-0.0136213975370145,0.0480308295073333
-1,1,5,4,-69.4942259325455,42.6814845091455,209.773725,-0.961860071097556,-0.986023424808817,0.424823898322877,-0.0331506461998199,-0.0295742926026491,0.0878030919386102
0,1,5,1,1.76482931740026e-14,88.434,199.7845,-1.00195101092335,-0.937858934918492,0.300045524775725,0.00631467275825156,0.0173604858348556,0.100894578655706
0,1,5,2,-26.8127414234,23.7417104416911,219.76295,-0.942053348705561,-0.940380587103099,0.955568011713946,-0.00706266218743368,-0.0144032685468094,0.0348056208687452
0,1,5,3,-45.7525154908545,69.4942259325455,229.752175,-0.995879929495885,-0.970265816744173,0.343469769272651,-0.0277421356408141,-0.00740370422171458,0.0489728772598484
0,1,5,4,18.9397740674545,42.6814845091455,209.773725,-0.954291131468876,-0.93453883473748,0.851127064553496,0.00957581061836065,0.0437159995603298,0.0535633035817782
1,1,5,1,88.434,88.434,199.7845,-1.01790854346262,-1.01443443119615,-0.30277182556445,0.0601481534215976,0.0738115451461489,0.0516054933278728
1,1,5,2,61.6212585766,23.7417104416911,219.76295,-0.960141604289158,-0.981983395574314,0.606561786722675,0.0200712816039195,0.0459322436346085,-0.0281327672206835
1,1,5,3,42.6814845091455,69.4942259325455,229.752175,-0.986023424808825,-0.961860071097545,0.424823898322866,0.0331506461998189,0.00180529055763436,0.00322398908008361
1,1,5,4,107.373774067454,42.6814845091455,209.773725,-1.00708835408881,-1.06582732308732,-0.195921824454141,0.0292632551284564,0.0652313958936986,-0.00263706915312293
2,1,5,1,176.868,88.434,199.7845,-1.05068434024412,-1.13655837276358,-1.17466901837234,0.0308891366659267,0.0298962411711776,0.0346216210002838
2,1,5,2,150.0552585766,23.7417104416911,219.76295,-1.03057020624432,-1.14598089758418,-0.652653382662427,0.0168025307873198,0.0383144859631575,-0.0231266399428019
2,1,5,3,131.115484509146,69.4942259325455,229.752175,-1.02875329569879,-1.09886179903934,-0.601643829486242,0.0471885641401704,-0.00176140747037686,-0.0133582145020635
2,1,5,4,195.807774067454,42.6814845091455,209.773725,-1.0530065515516,-1.18776818206586,-1.05720233159734,-0.000715081103904262,0.0209970676846408,0.00862234823197518
-2,2,5,1,-176.868,176.868,199.7845,-1.10846232111167,-1.10449409561569,-1.63601290186646,-0.0217140057739628,-0.0248658218996497,0.0248764878415707
-2,2,5,2,-203.6807414234,112.175710441691,219.76295,-1.08939206303076,-1.16225244394716,-1.39263508336833,-0.0198980840257192,-0.013202835684288,0.0275265466325075
-2,2,5,3,-222.620515490854,157.928225932546,229.752175,-1.10804189572605,-1.1390945508316,-1.62973756071303,0.00321362755898794,-0.0104295969614354,0.00592520685711497
-2,2,5,4,-157.928225932546,131.115484509146,209.773725,-1.09286369702552,-1.11817062507937,-1.29047862154341,-0.0507643455779351,-0.0339963006729623,0.039182204924213
-1,2,5,1,-88.434,176.868,199.7845,-1.14159033168058,-1.0503738781447,-1.15717968033742,-0.0308368859731324,-0.0375353950150521,0.0325763580956565
-1,2,5,2,-115.2467414234,112.175710441691,219.76295,-1.08069945316535,-1.07971745801686,-0.807574420046502,-0.0628399856662911,-0.033602108889857,0.0388502159037925
-1,2,5,3,-134.186515490854,157.928225932546,229.752175,-1.12179367881301,-1.10041424347268,-1.33287265514579,-0.0393403005809096,-0.0237117057407244,0.0130183494051451
-1,2,5,4,-69.4942259325455,131.115484509146,209.773725,-1.09886179903934,-1.02875329569878,-0.601643829486231,-0.0471885641401736,-0.0325749998326392,0.0592990922778915
0,2,5,1,2.30633139257924e-14,176.868,199.7845,-1.16447264651546,-1.01669342250262,-0.834196584864497,0.00263266621257559,0.00249336991958504,0.0359945797827768
0,2,5,2,-26.8127414234,112.175710441691,219.76295,-1.07388057814192,-0.984042170803568,-0.0757479921154232,-0.0212684216755278,-0.0101680337526989,0.0226415647319146
0,2,5,3,-45.7525154908545,157.928225932546,229.752175,-1.14443099979654,-1.02977924081605,-0.778711601192057,-0.0198107911466899,-0.0198777631945046,0.0099019032104134
0,2,5,4,18.9397740674545,131.115484509146,209.773725,-1.10745447557814,-1.00052311230362,-0.358956909238521,0.0171601326596448,0.0239271879869085,0.0584372613950613
1,2,5,1,88.434,176.868,199.7845,-1.14143666366917,-1.0492510141271,-1.13970638842631,0.0313219568726177,0.0372197594296294,0.0301108968403274
1,2,5,2,61.6212585766,112.175710441691,219.76295,-1.07291920576827,-1.01016624246436,-0.279917781195486,0.0515366055864903,0.0257030572639484,0.00504158339247491
1,2,5,3,42.6814845091455,157.928225932546,229.752175,-1.14256078445587,-1.0244708266002,-0.744930361013424,0.0386606661249286,-0.00337579712289084,0.00501695279527538
1,2,5,4,107.373774067454,131.115484509146,209.773725,-1.10221698801021,-1.07425235253647,-0.950987661005219,0.0506983568123411,0.0453749474314531,0.0312901111440138
2,2,5,1,176.868,176.868,199.7845,-1.10850010536836,-1.10346050448636,-1.62982698479044,0.0153667995679804,0.0187873050289826,0.0212003398392812
2,2,5,2,150.0552585766,112.175710441691,219.76295,-1.0839981743071,-1.12228451431243,-1.11252865693399,0.0476625510421244,0.0198971977397463,0.00981188873853372
2,2,5,3,131.115484509146,157.928225932546,229.752175,-1.11817062507937,-1.09286369702551,-1.29047862154341,0.0507643455779393,0.00250863984803945,0.00299380709146633
2,2,5,4,195.807774067454,131.115484509146,209.773725,-1.09580941611514,-1.14546267413259,-1.48720930070649,0.00783208986667298,0.00850667707149915,0.0209977172186508
